LOCALIDADES,Telpatln,Joachn,Capoluca,San Mateo Yoloxochitln,Zapotitln Salinas,Zapoapan,Tlamatoca Potrerillo,Atoyac,Tetla,Colorines,San Bartolom Ayautla,Campo Grande,Zoquitln,Necoxtla,Santa Mara del Monte,San Marcial,Acatepec (San Antonio),San Isidro Vista Hermosa,Cuichapa,Mariano Escobedo,Xitlama,Tetela,Fraccionamiento Valle Dorado,Agrcola Lzaro Crdenas,La Luz y Trinidad Palotal,Providencia,Tlilapan,San Pedro Ixcatln,Tepetzitzintla,Guadalupe (La Patrona),Los Naranjos,Tuxpanguillo,Omealca,Tequila,Motzorongo,La Perla,Sumidero,Atzompa,Calipan,Huiloapan de Cuauhtmoc,Tomatln,Paraje Nuevo,Tetelzingo,Dos Ros (Tocuila),Ixhuatlancillo,Tezonapa,Peuela,Yanga,Acatln de Prez Figueroa,San Felipe Jalapa de Daz,San Lucas Ojitln,Coxcatln,Temascal,Ixhuatln del Caf,Zongolica,Monte Blanco,Acultzingo,Vicente Camalote,Xocotla,Cuautlapan,Teotitln de Flores Magn,San Jos Miahuatln,El Pueblito (Crucero Nacional),Unin y Progreso,Jalapilla,Cosolapa,Atzacan,Amatln de los Reyes,Rafael Delgado,Huautla de Jimnez,Chocamn,La Luz Francisco I. Madero (San Romn),Crdoba (Santa Leticia),Maltrata,San Gabriel Chilac,Paso del Macho,Cuitlhuac,Palmira,General Miguel Alemn (Potrero Nuevo),Coscomatepec de Bravo,San Sebastin Zinacatepec,Tres Valles,Altepexi,Fortn de las Flores,Nogales,Ixtaczoquitln,Ciudad de Ajalpan,Ciudad Mendoza,Ro Blanco,Tierra Blanca,Orizaba,Crdoba,Tehuacn, 
Telpatln,0,159.901,73.971,139.33,80.176,72.941,106.03,101.824,88.355,75.927,226.706,71.43,37.095,53.105,12.936,77.892,26.324,61.147,94.76,66.885,36.914,136.112,62.238,81.799,81.111,103.688,52.735,217.619,6.081,86.339,196.965,75.406,105.792,40.361,106.059,68.586,67.489,48.657,48.854,83.188,91.642,88.268,107.353,72.902,66.852,101.992,87.252,93.927,117.035,203.06,222.569,53.513,170.668,90.997,49.926,77.67,62.887,126.131,96.933,66.457,76.725,65.92,74.364,62.141,55.409,100.947,71.811,82.006,56.519,142.858,83.409,75.018,73.967,79.116,58.989,112.322,102.194,64.792,98.787,93.617,59.321,203.819,56.781,70.592,82.959,62.363,60.865,79.817,86.32,170.773,59.847,77.894,66.842, 
Joachn,159.901,0,114.472,213.721,198.802,99.254,125.607,71.761,107.932,91.009,165.808,111.931,203.279,123.973,153.437,87.684,192.508,169.345,93.122,111.414,203.098,41.572,107.243,117.301,85.966,73.857,107.636,142.983,172.265,84.701,43.026,108.303,66.632,120.17,94.022,113.115,93.072,135.195,208.526,113.547,111.22,78.507,126.93,98.361,111.739,74.164,77.491,70.827,61.928,143.604,126.364,212.852,62.836,110.574,140.334,97.248,133.271,52.255,116.51,97.043,236.064,202.469,89.446,107.062,105.443,74.207,103.961,80.368,107.58,203.902,102.986,85.77,89.918,140.534,236.623,82.259,64.389,107.142,69.781,113.194,196.45,60.673,189.537,90.169,113.097,102.863,193.621,116.391,107.906,30.873,104.088,86.832,175.04, 
Capoluca,73.971,114.472,0,212.931,113.065,9.453,60.182,47.713,42.507,26.028,263.107,3.131,117.542,38.236,67.7,27.179,106.771,83.608,48.913,25.66,117.361,123.725,21.489,31.565,29.274,57.841,21.899,240.282,86.528,40.492,151.118,5.014,59.945,34.433,78.006,27.361,21.642,49.458,122.789,27.81,45.794,37.394,61.505,27.055,25.985,83.716,33.353,48.08,97.325,240.903,223.663,127.115,160.135,45.149,54.597,31.822,47.534,107.754,51.085,14.466,150.327,116.732,24.465,21.308,19.706,85.727,20.53,36.159,21.843,216.459,37.561,25.119,23.254,54.797,150.886,58.211,56.347,21.388,44.676,47.769,110.713,157.972,103.8,24.744,27.36,13.685,107.884,30.654,22.152,124.926,18.335,27.007,89.303, 
San Mateo Yoloxochitln,139.33,213.721,212.931,0,143.67,209.057,242.146,237.941,224.471,212.043,95.193,207.546,112.039,186.513,150.065,214.008,112.856,129.131,230.877,198.035,107.781,207.409,193.153,182.077,217.227,239.805,195.279,86.105,136.878,222.456,176.384,211.522,241.909,207.813,89.395,199.736,203.606,185.265,87.103,183.466,227.758,224.385,243.469,209.019,197.715,85.328,223.369,230.044,227.765,71.546,91.055,82.676,193.402,227.113,180.723,213.786,163.165,218.092,233.049,202.573,60.562,104.31,210.48,193.483,193.086,84.283,199.604,218.123,195.222,11.344,219.525,211.134,210.083,213.113,116.009,248.439,257.617,194.589,234.904,229.733,97.711,155.113,107.272,206.708,183.237,198.479,102.629,180.095,186.598,187.611,192.843,214.01,125.573, 
Zapotitln Salinas,80.176,198.802,113.065,143.67,0,142.988,176.077,171.872,158.402,145.974,234.084,141.477,82.034,89.217,67.366,147.939,81.872,31.835,164.808,133.07,79.741,239.62,128.188,115.017,151.158,173.736,129.21,224.997,86.134,156.387,267.013,145.453,175.84,141.744,193.901,134.771,137.537,87.969,56.565,118.262,161.689,158.316,177.4,142.95,132.75,199.611,157.3,163.975,213.22,210.438,229.947,60.891,276.03,161.044,161.908,147.717,65.869,223.649,166.98,136.504,84.103,47.92,144.411,128.518,127.017,201.622,141.858,152.054,129.153,150.236,153.456,145.065,144.014,110.358,36.668,182.37,172.242,129.624,168.835,163.664,44.489,273.867,37.577,140.639,118.034,132.41,41.66,115.381,121.395,240.821,127.877,147.941,24.748, 
Zapoapan,72.941,99.254,9.453,209.057,142.988,0,46.538,36.994,28.863,15.308,248.338,6.942,116.543,37.237,66.701,16.46,105.772,82.609,34.144,24.661,116.362,108.956,20.49,30.566,18.555,43.072,20.9,225.513,85.529,25.723,136.349,10.918,45.176,33.434,63.237,26.362,17.52,48.459,121.79,26.811,32.151,26.675,47.861,22.809,24.986,68.947,22.634,33.311,82.556,226.134,208.894,126.116,145.366,31.505,53.598,18.178,46.535,92.985,37.441,13.467,149.328,115.733,13.745,20.309,18.707,70.958,19.531,21.39,20.844,215.46,23.917,14.399,12.535,53.798,149.887,47.492,41.578,20.389,33.957,34.125,109.714,143.203,102.801,11.1,26.361,12.686,106.885,29.655,21.153,110.157,17.336,16.288,88.304, 
Tlamatoca Potrerillo,106.03,125.607,60.182,242.146,176.077,46.538,0,51.767,32.563,46.458,279.486,61.999,153.347,74.041,103.505,34.451,142.576,119.413,65.292,61.482,153.166,140.104,57.311,67.37,29.928,60.181,57.704,256.661,122.333,56.871,167.497,59.849,62.285,70.238,80.346,63.183,43.14,85.263,158.594,63.615,20.972,44.066,44.893,48.429,61.807,86.056,40.025,50.42,99.665,257.282,240.042,162.92,176.514,13.934,90.402,32.6,83.339,110.094,41.141,48.124,186.132,152.537,44.895,57.13,55.511,88.067,54.029,52.538,57.648,252.264,25.694,45.549,36.114,90.602,186.691,46.404,58.686,57.21,51.348,31.117,146.518,174.351,139.605,39.89,63.165,52.931,143.689,66.459,57.974,141.305,54.156,33.679,125.108, 
Atoyac,101.824,71.761,47.713,237.941,171.872,36.994,51.767,0,46.177,29.254,225.33,50.176,141.524,62.218,91.682,25.748,130.753,107.59,31.463,49.659,141.343,85.948,45.488,55.547,24.03,25.778,45.881,202.505,110.51,22.946,113.341,46.548,27.882,58.415,45.943,51.36,31.317,73.44,146.771,51.792,49.465,11.768,65.175,36.606,49.984,51.653,15.556,14.449,65.262,203.126,185.886,151.097,122.358,48.819,78.579,35.493,71.516,75.691,54.755,35.288,174.309,140.714,27.691,45.307,43.688,53.664,42.206,18.613,45.825,263.424,41.231,24.015,26.218,78.779,174.868,10.874,15.631,45.387,3.492,51.439,134.695,120.195,127.782,28.414,51.342,41.108,131.866,54.636,46.151,87.149,42.333,21.605,113.285, 
Tetla,88.355,107.932,42.507,224.471,158.402,28.863,32.563,46.177,0,24.616,257.644,40.157,131.505,52.199,81.663,19.216,120.734,97.571,43.45,39.64,131.324,118.262,35.469,45.528,21.059,52.377,35.862,234.819,100.491,35.029,145.655,38.007,54.481,48.396,72.542,41.341,21.298,63.421,136.752,41.773,14.009,36.957,27.052,10.638,39.965,78.252,35.941,42.616,91.861,235.44,218.2,141.078,154.672,19.949,68.56,10.758,61.497,102.29,8.75,26.282,164.29,130.695,23.053,35.288,33.669,80.263,19.647,30.696,35.806,230.422,5.775,23.707,22.049,68.76,164.849,61.011,50.883,35.368,47.476,15.983,124.676,152.509,117.763,18.048,41.323,31.089,121.847,44.617,36.132,119.463,32.314,25.815,103.266, 
Colorines,75.927,91.009,26.028,212.043,145.974,15.308,46.458,29.254,24.616,0,237.077,23.512,119.515,40.208,69.673,7.71,108.744,85.58,22.883,27.649,119.334,97.695,23.478,33.537,9.181,31.811,23.872,214.252,88.501,14.462,125.088,24.475,33.915,36.406,51.976,29.35,9.307,51.43,124.761,29.783,27.455,16.391,43.165,14.596,27.974,57.686,15.375,22.05,71.295,214.873,197.633,129.087,134.105,26.809,56.57,13.483,49.506,81.724,32.745,13.215,152.299,118.704,1.562,23.297,21.679,59.697,20.196,10.129,23.816,218.431,19.221,2.336,5.441,56.77,152.858,40.445,30.317,23.377,26.91,29.429,112.685,131.942,105.772,6.404,29.333,19.098,109.856,32.626,24.141,98.896,20.323,5.963,91.275, 
San Bartolom Ayautla,226.706,165.808,263.107,95.193,234.084,248.338,279.486,225.33,257.644,237.077,0,249.134,153.627,228.101,191.653,273.241,154.444,170.719,262.884,239.623,149.369,195.201,234.741,223.665,271.523,251.306,236.867,73.897,178.466,270.258,164.176,253.11,247.634,249.401,235.236,241.324,245.194,226.853,128.691,225.054,296.777,264.064,312.487,250.607,239.303,229.421,263.048,254.167,215.557,59.338,78.847,124.264,181.194,296.131,222.311,282.805,204.753,205.884,302.067,244.161,102.15,145.898,275.003,235.071,234.674,229.464,241.192,265.925,236.81,39.584,288.543,271.327,275.475,254.701,157.597,267.816,245.409,236.177,255.338,298.751,139.299,142.905,148.86,275.726,224.825,240.067,144.217,221.683,228.186,175.403,234.431,272.389,167.161, 
Campo Grande,71.43,111.931,3.131,207.546,141.477,6.942,61.999,50.176,40.157,23.512,249.134,0,114.41,35.104,64.568,24.047,103.639,80.476,45.781,22.528,114.229,120.593,18.357,28.433,26.142,54.709,18.767,237.15,83.396,37.36,147.986,5.652,56.813,31.301,74.874,24.229,18.51,46.326,119.657,24.678,42.662,34.262,58.373,23.923,22.853,80.584,30.221,44.948,94.193,237.771,220.531,123.983,157.003,42.017,51.465,28.69,44.402,104.622,47.953,11.334,147.195,113.6,21.333,18.176,16.574,82.595,17.398,33.027,18.711,213.327,34.429,21.987,20.122,51.665,147.754,55.079,53.215,18.256,41.544,44.637,107.581,154.84,100.668,21.612,24.228,10.553,104.752,27.522,19.02,121.794,15.203,23.875,86.171, 
Zoquitln,37.095,203.279,117.542,112.039,82.034,116.543,153.347,141.524,131.505,119.515,153.627,114.41,0,95.599,55.43,120.386,7.916,67.646,124.985,109.379,10.141,127.85,104.732,124.294,123.605,118.278,95.229,193.528,37.861,128.833,174.177,117.9,116.636,82.855,97.797,111.08,109.983,91.151,25.759,125.683,134.136,130.762,149.847,115.396,109.346,93.73,129.746,130.738,108.773,178.969,198.478,30.996,162.406,133.491,81.706,120.164,105.382,117.869,139.427,108.951,52.635,42.825,116.858,104.635,97.903,92.685,114.305,124.5,99.013,118.767,125.903,117.512,116.461,121.611,54.524,154.816,129.643,107.286,141.281,136.111,36.226,181.031,45.787,113.086,125.454,104.857,41.144,122.312,128.815,147.986,102.341,120.388,64.088, 
Necoxtla,53.105,123.973,38.236,186.513,89.217,37.237,74.041,62.218,52.199,40.208,228.101,35.104,95.599,0,46.39,42.27,85.461,60.428,59.139,26.297,96.051,133.951,21.415,10.339,45.489,68.067,23.541,250.508,65.218,50.718,161.344,39.784,70.171,36.075,88.232,27.998,31.868,10.88,99.609,11.727,56.02,52.647,71.731,37.281,25.977,93.942,51.631,58.306,107.551,251.129,233.889,103.935,170.361,55.375,56.239,42.048,24.354,117.98,61.311,30.835,127.147,93.552,38.742,21.745,21.348,95.953,27.866,46.385,23.484,193.279,47.787,39.396,38.345,34.247,82.829,76.701,66.573,22.851,63.166,57.995,87.533,168.198,80.62,34.97,11.499,26.741,84.704,7.517,14.86,135.152,21.104,42.272,66.123, 
Santa Mara del Monte,12.936,153.437,67.7,150.065,67.366,66.701,103.505,91.682,81.663,69.673,191.653,64.568,55.43,46.39,0,71.177,39.259,48.46,88.045,60.17,49.849,149.047,55.523,69.112,74.396,96.973,46.02,230.554,19.016,79.624,190.25,68.691,99.077,33.646,118.994,61.871,60.774,41.942,61.789,70.501,84.927,81.553,100.638,66.187,60.137,114.927,80.537,87.212,129.97,215.995,235.504,66.448,199.267,84.282,47.492,70.955,50.2,139.066,90.218,59.742,89.66,57.026,67.649,55.426,48.694,113.882,65.096,75.291,49.804,155.793,76.694,68.303,67.252,66.429,46.302,105.607,95.479,58.077,92.072,86.902,51.006,197.104,44.094,63.877,70.272,55.648,48.178,67.13,73.633,164.058,53.132,71.179,54.155, 
San Marcial,77.892,87.684,27.179,214.008,147.939,16.46,34.451,25.748,19.216,7.71,273.241,24.047,120.386,42.27,71.177,0,111.656,88.492,24.376,30.561,122.246,97.613,26.39,36.449,4.931,31.45,26.784,214.17,91.413,15.955,125.006,25.591,33.554,39.318,51.615,32.262,12.219,54.342,127.673,32.695,16.079,15.335,38.213,17.508,30.886,57.325,11.294,21.689,70.934,214.791,197.551,131.999,134.023,20.831,59.482,8.46,52.418,81.363,27.792,14.331,155.211,121.616,6.149,26.209,24.591,59.336,23.108,11.622,26.728,221.343,14.269,6.803,3.476,59.682,155.77,36.152,29.955,26.289,22.617,24.477,115.597,131.86,108.684,8.191,32.245,18.869,112.768,35.538,27.053,98.814,23.235,4.948,94.187, 
Acatepec (San Antonio),26.324,192.508,106.771,112.856,81.872,105.772,142.576,130.753,120.734,108.744,154.444,103.639,7.916,85.461,39.259,111.656,0,67.483,114.213,98.607,13.656,117.078,93.96,113.522,112.833,107.506,84.457,194.361,27.089,118.061,163.405,107.128,105.864,72.083,87.025,100.308,99.211,80.379,25.596,114.911,123.364,119.99,139.075,104.624,98.574,82.958,118.974,119.966,98.001,179.802,199.311,30.255,151.634,122.719,70.934,109.392,94.61,107.097,128.655,98.179,53.467,42.662,106.086,93.863,87.131,81.913,103.533,113.728,88.241,119.6,115.131,106.74,105.689,110.839,54.361,144.044,118.871,96.514,130.509,125.339,36.063,170.259,45.624,102.314,114.682,94.085,40.981,111.54,118.043,137.214,91.569,109.616,63.925, 
San Isidro Vista Hermosa,61.147,169.345,83.608,129.131,31.835,82.609,119.413,107.59,97.571,85.58,170.719,80.476,67.646,60.428,48.46,88.492,67.483,0,104.193,71.351,64.804,179.005,66.469,55.393,90.543,113.121,68.595,210.059,67.229,95.772,206.398,84.838,115.225,81.129,133.286,73.052,76.922,58.581,41.628,56.782,101.074,97.701,116.785,82.335,71.031,138.996,96.685,103.36,152.605,195.5,215.009,45.954,215.415,100.429,101.293,87.102,36.481,163.034,106.365,75.889,69.166,35.571,83.796,66.799,66.402,141.007,72.92,91.439,68.538,135.298,92.841,84.45,83.399,52.71,24.848,121.755,111.627,67.905,108.22,103.049,29.552,213.252,22.639,80.024,56.553,71.795,26.723,53.411,59.914,180.206,66.159,87.326,8.142, 
Cuichapa,94.76,93.122,48.913,230.877,164.808,34.144,65.292,31.463,43.45,22.883,262.884,45.781,124.985,59.139,88.045,24.376,114.213,104.193,0,46.594,130.358,67.28,42.423,52.482,24.396,12.257,42.816,203.344,107.445,8.473,114.18,43.484,10.512,55.35,27.551,48.295,28.252,70.375,143.706,48.727,46.4,20.663,62.11,33.541,46.919,33.261,16.623,18.824,46.87,203.965,186.725,148.032,123.197,45.754,35.811,32.428,68.451,57.299,51.69,32.224,171.244,137.649,20.191,42.242,40.623,35.272,39.141,12.912,42.76,264.263,38.166,19.463,25.099,75.714,171.803,40.724,23.622,42.322,27.189,48.374,131.63,121.034,124.717,25.349,48.277,38.043,128.801,51.571,43.086,87.988,39.268,20.919,110.22, 
Mariano Escobedo,66.885,111.414,25.66,198.035,133.07,24.661,61.482,49.659,39.64,27.649,239.623,22.528,109.379,26.297,60.17,30.561,98.607,71.351,46.594,0,109.611,121.276,6.361,20.304,32.814,55.391,14.149,237.833,78.778,38.043,148.669,27.092,57.495,26.683,75.556,1.883,19.192,37.102,110.433,16.118,43.345,39.971,59.056,24.605,3.556,81.266,38.955,45.63,94.875,238.454,221.214,114.759,157.686,42.7,46.847,29.373,35.178,105.304,48.636,18.143,137.971,104.376,26.067,5.235,11.956,83.277,11.505,33.71,14.093,204.103,35.112,26.721,25.67,43.537,93.653,64.025,53.897,4.91,50.49,45.32,98.357,155.523,91.444,22.295,15.432,14.048,95.528,18.298,11.714,122.477,8.34,29.597,76.946, 
Xitlama,36.914,203.098,117.361,107.781,79.741,116.362,153.166,141.343,131.324,119.334,149.369,114.229,10.141,96.051,49.849,122.246,13.656,64.804,130.358,109.611,0,127.668,104.55,124.112,123.423,118.096,95.047,189.269,37.679,128.651,173.995,117.718,116.454,82.673,97.615,110.898,109.801,90.969,23.465,125.501,133.954,130.58,149.665,115.214,109.164,93.548,129.564,130.556,108.591,174.71,194.219,26.737,162.224,133.309,81.524,119.982,105.2,117.687,139.245,108.769,48.376,40.531,116.676,104.453,97.721,92.503,114.123,124.318,98.831,114.508,125.721,117.33,116.279,121.429,52.23,154.634,129.461,107.104,141.099,135.929,33.932,180.849,43.493,112.904,125.272,104.675,38.85,122.13,128.633,147.804,102.159,120.206,61.794, 
Tetela,136.112,41.572,123.725,207.409,239.62,108.956,140.104,85.948,118.262,97.695,195.201,120.593,127.85,133.951,149.047,97.613,117.078,179.005,67.28,121.276,127.668,0,121.902,131.96,100.625,60.587,122.295,135.576,131.925,99.36,46.412,122.962,58.945,134.829,40.106,127.774,107.731,149.854,145.155,128.206,125.879,93.166,141.589,113.02,126.398,34.291,92.15,83.269,20.427,136.197,118.957,149.814,55.429,125.233,154.993,111.907,147.93,10.754,131.169,111.702,173.026,217.128,104.105,121.721,120.102,34.334,118.62,95.027,122.239,196.495,117.645,100.429,104.577,155.193,251.282,96.918,74.511,121.801,84.44,127.853,211.109,53.266,204.196,104.828,127.756,117.522,208.28,131.05,122.565,20.221,118.747,101.491,189.699, 
Fraccionamiento Valle Dorado,62.238,107.243,21.489,193.153,128.188,20.49,57.311,45.488,35.469,23.478,234.741,18.357,104.732,21.415,55.523,26.39,93.96,66.469,42.423,6.361,104.55,121.902,0,15.425,28.61,51.187,9.945,233.629,74.574,33.839,144.465,22.888,53.291,22.479,71.352,8.089,14.988,32.223,105.554,11.239,39.141,35.767,54.852,20.401,5.29,77.062,34.751,41.426,90.671,234.25,217.01,109.88,153.482,38.496,42.643,25.169,30.299,101.1,44.432,13.939,133.092,99.497,21.863,1.425,7.752,79.073,7.302,29.506,9.889,199.224,30.908,22.517,21.466,38.658,88.774,59.821,49.693,2.943,46.286,41.116,93.478,151.319,86.565,18.091,10.553,9.844,90.649,13.419,6.835,118.273,4.136,25.393,72.067, 
Agrcola Lzaro Crdenas,81.799,117.301,31.565,182.077,115.017,30.566,67.37,55.547,45.528,33.537,223.665,28.433,124.294,10.339,69.112,36.449,113.522,55.393,52.482,20.304,124.112,131.96,15.425,0,38.097,60.675,16.149,243.116,87.87,43.326,153.952,32.392,62.779,28.683,80.84,21.71,24.476,21.232,94.563,5.248,48.628,45.255,64.339,29.889,19.689,86.55,44.239,50.914,100.159,243.737,226.497,98.889,162.969,47.983,48.847,34.656,19.308,110.588,53.919,23.443,122.101,88.506,31.35,15.457,13.956,88.561,28.797,38.993,16.092,188.233,40.395,32.004,30.953,24.059,77.783,69.309,59.181,16.563,55.774,50.603,82.487,160.806,75.574,27.578,5.02,19.349,79.658,2.132,8.381,127.76,14.816,34.88,61.076, 
La Luz y Trinidad Palotal,81.111,85.966,29.274,217.227,151.158,18.555,29.928,24.03,21.059,9.181,271.523,26.142,123.605,45.489,74.396,4.931,112.833,90.543,24.396,32.814,123.423,100.625,28.61,38.097,0,30.488,28.59,213.209,93.219,14.994,124.045,27.63,32.592,41.124,50.653,34.069,14.026,56.149,129.48,34.501,15.347,14.373,36.833,19.315,32.693,56.363,10.332,20.727,69.972,213.83,196.59,133.806,133.062,20.099,61.288,12.151,54.225,80.401,29.638,16.37,157.018,123.423,7.425,28.016,26.397,58.374,24.915,10.661,28.534,223.15,14.788,6.697,7.603,61.488,157.577,35.19,28.993,28.096,21.655,23.097,117.404,130.899,110.491,11.123,34.051,20.908,114.575,37.345,28.86,97.853,25.042,3.986,95.994, 
Providencia,103.688,73.857,57.841,239.805,173.736,43.072,60.181,25.778,52.377,31.811,251.306,54.709,118.278,68.067,96.973,31.45,107.506,113.121,12.257,55.391,118.096,60.587,51.187,60.675,30.488,0,51.762,191.765,116.391,20.73,102.601,52.43,2.783,64.296,20.844,57.241,37.198,79.321,152.652,57.673,55.346,22.336,71.056,42.487,55.865,26.554,21.321,13.138,40.163,192.386,175.146,156.978,111.618,54.7,84.46,41.374,77.397,50.592,60.636,41.17,180.19,146.595,33.573,51.188,49.569,28.565,48.087,24.494,51.706,252.684,47.112,29.896,31.983,84.66,180.749,35.037,12.043,51.268,21.502,57.32,140.576,109.455,133.663,34.295,57.223,46.989,137.747,60.517,52.032,76.409,48.214,27.37,119.166, 
Tlilapan,52.735,107.636,21.899,195.279,129.21,20.9,57.704,45.881,35.862,23.872,236.867,18.767,95.229,23.541,46.02,26.784,84.457,68.595,42.816,14.149,95.047,122.295,9.945,16.149,28.59,51.762,0,233.732,64.967,33.942,144.568,23.009,53.395,12.872,71.456,16.189,15.092,34.654,107.985,13.006,39.245,35.871,54.956,20.505,14.455,77.166,34.855,41.53,90.775,234.353,217.113,112.311,153.585,38.6,33.036,25.273,32.73,101.204,44.536,14.06,135.523,101.928,21.967,9.744,3.013,79.177,19.414,29.609,4.122,201.655,31.012,22.621,21.57,39.993,136.082,59.925,49.797,12.395,46.39,41.22,95.909,151.422,88.996,18.195,12.556,9.966,93.08,15.85,9.898,118.376,7.45,25.497,74.499, 
San Pedro Ixcatln,217.619,142.983,240.282,86.105,224.997,225.513,256.661,202.505,234.819,214.252,73.897,237.15,193.528,250.508,230.554,214.17,194.361,210.059,203.344,237.833,189.269,135.576,233.629,243.116,213.209,191.765,233.732,0,215.167,211.727,105.645,235.329,189.103,247.196,176.705,240.141,220.098,262.221,165.392,240.573,238.246,205.533,253.956,225.387,238.765,170.89,204.517,195.636,157.026,15.987,20.316,160.965,122.663,237.6,267.36,224.274,260.297,147.353,243.536,224.069,138.851,182.599,216.472,234.088,232.469,170.933,230.987,207.394,234.606,76.285,230.012,212.796,216.944,267.56,194.298,209.285,186.878,234.168,196.807,240.22,176,84.374,185.561,217.195,240.123,229.889,180.918,243.417,234.932,116.872,231.114,213.858,203.862, 
Tepetzitzintla,6.081,172.265,86.528,136.878,86.134,85.529,122.333,110.51,100.491,88.501,178.466,83.396,37.861,65.218,19.016,91.413,27.089,67.229,107.445,78.778,37.679,131.925,74.574,87.87,93.219,116.391,64.967,215.167,0,92.42,177.806,81.487,111.873,46.442,101.426,74.667,73.57,54.738,44.221,89.269,97.723,94.349,113.434,78.983,72.933,97.359,93.333,100.008,112.402,198.427,217.936,48.88,166.035,97.078,43.84,83.751,68.968,121.498,103.014,72.538,72.092,61.287,80.445,68.222,61.49,96.314,77.892,88.087,62.6,138.225,89.49,81.099,80.048,85.197,65.07,118.403,108.275,70.873,104.868,99.698,54.688,184.66,64.249,76.673,89.04,68.444,59.606,85.898,92.401,151.615,65.928,83.975,72.923, 
Guadalupe (La Patrona),86.339,84.701,40.492,222.456,156.387,25.723,56.871,22.946,35.029,14.462,270.258,37.36,128.833,50.718,79.624,15.955,118.061,95.772,8.473,38.043,128.651,99.36,33.839,43.326,14.994,20.73,33.942,211.727,92.42,0,121.815,35.064,18.985,46.93,36.024,39.875,19.832,61.955,135.286,40.307,37.98,12.243,53.69,25.121,38.499,41.734,8.203,18.776,55.343,211.6,194.36,139.612,130.832,37.334,34.34,24.008,60.031,65.772,43.27,23.804,162.824,129.229,16.207,33.822,32.203,43.745,30.721,4.492,34.34,228.956,29.746,12.531,16.679,67.294,163.383,37.171,27.043,33.902,23.636,39.954,123.21,128.669,116.297,16.929,39.857,29.623,120.381,43.151,34.666,95.623,30.848,13.593,101.8, 
Los Naranjos,196.965,43.026,151.118,176.384,267.013,136.349,167.497,113.341,145.655,125.088,164.176,147.986,174.177,161.344,190.25,125.006,163.405,206.398,114.18,148.669,173.995,46.412,144.465,153.952,124.045,102.601,144.568,105.645,177.806,121.815,0,145.931,99.705,157.798,87.307,150.743,130.7,172.823,246.154,151.175,148.848,116.135,164.558,135.989,149.367,81.492,115.119,106.238,67.628,106.032,88.792,250.48,33.265,148.202,177.962,134.876,170.899,57.955,154.138,134.671,228.896,240.097,127.074,144.69,143.071,81.535,141.589,117.996,145.208,166.33,140.614,123.398,127.546,178.162,274.251,119.887,97.48,144.77,107.409,150.822,234.078,23.101,227.165,127.797,150.725,140.491,231.249,154.019,145.534,27.474,141.716,124.46,212.668, 
Tuxpanguillo,75.406,108.303,5.014,211.522,145.453,10.918,59.849,46.548,38.007,24.475,253.11,5.652,117.9,39.784,68.691,25.591,107.128,84.838,43.484,27.092,117.718,122.962,22.888,32.392,27.63,52.43,23.009,235.329,81.487,35.064,145.931,0,54.22,35.862,72.281,28.79,23.071,50.887,124.218,29.239,41.195,35.719,56.905,28.484,27.414,77.991,31.678,42.355,91.6,235.178,217.938,128.544,154.41,40.549,56.026,27.222,48.963,102.029,46.485,15.895,151.756,118.161,22.789,22.737,21.135,80.002,21.959,30.434,23.272,217.888,32.961,23.443,21.579,56.226,152.315,56.536,50.622,22.817,43.001,43.169,112.142,152.247,105.229,20.144,28.789,15.114,109.313,32.083,23.581,119.201,19.764,25.332,90.732, 
Omealca,105.792,66.632,59.945,241.909,175.84,45.176,62.285,27.882,54.481,33.915,247.634,56.813,116.636,70.171,99.077,33.554,105.864,115.225,10.512,57.495,116.454,58.945,53.291,62.779,32.592,2.783,53.395,189.103,111.873,18.985,99.705,54.22,0,66.401,19.234,59.346,39.303,81.426,154.757,59.778,57.451,24.441,73.161,44.592,57.97,24.944,23.426,15.243,38.553,194.491,177.251,159.083,113.723,56.805,46.458,43.479,79.502,48.982,62.741,43.275,182.295,148.7,35.678,53.293,51.674,26.955,50.192,26.599,53.811,254.789,49.217,32.001,34.088,86.765,182.854,37.142,14.148,53.373,23.607,59.425,142.681,111.56,135.768,36.4,59.328,49.094,139.852,62.622,54.137,78.514,50.319,29.475,121.271, 
Tequila,40.361,120.17,34.433,207.813,141.744,33.434,70.238,58.415,48.396,36.406,249.401,31.301,82.855,36.075,33.646,39.318,72.083,81.129,55.35,26.683,82.673,134.829,22.479,28.683,41.124,64.296,12.872,247.196,46.442,46.93,157.798,35.862,66.401,0,83.99,28.723,27.626,26.672,120.519,25.54,51.779,48.405,67.49,33.039,26.989,89.7,47.389,54.064,103.309,246.887,229.647,124.845,166.119,51.134,20.438,37.807,45.264,113.738,57.07,26.594,148.057,114.462,34.501,22.278,15.546,91.711,31.948,42.143,16.656,214.189,43.546,35.155,34.104,52.527,148.616,72.459,62.331,24.929,58.924,53.754,108.443,163.956,101.53,30.729,25.09,22.5,105.614,28.384,22.432,130.91,19.984,38.031,87.033, 
Motzorongo,106.059,94.022,78.006,89.395,193.901,63.237,80.346,45.943,72.542,51.976,235.236,74.874,97.797,88.232,118.994,51.615,87.025,133.286,27.551,75.556,97.615,40.106,71.352,80.84,50.653,20.844,71.456,176.705,101.426,36.024,87.307,72.281,19.234,83.99,0,77.407,57.364,99.487,115.11,77.839,75.512,42.502,91.222,62.653,76.031,6.073,41.487,33.304,19.682,176.204,158.964,119.769,74.648,74.866,63.362,61.54,97.563,30.111,80.802,61.336,142.981,166.761,53.739,71.354,69.735,8.084,68.253,44.66,71.872,236.502,67.278,50.062,52.149,104.826,200.915,55.203,32.209,71.434,41.668,77.486,160.742,93.273,153.829,54.461,77.389,67.155,157.913,80.683,72.198,60.228,68.38,47.536,139.332, 
La Perla,68.586,113.115,27.361,199.736,134.771,26.362,63.183,51.36,41.341,29.35,241.324,24.229,111.08,27.998,61.871,32.262,100.308,73.052,48.295,1.883,110.898,127.774,8.089,21.71,34.069,57.241,16.189,240.141,74.667,39.875,150.743,28.79,59.346,28.723,77.407,0,20.893,38.803,112.134,17.819,45.046,41.672,40.17,26.306,5.257,82.967,40.656,47.331,96.576,240.155,222.915,116.46,159.387,44.401,48.548,31.074,36.879,107.005,50.337,19.844,139.672,106.077,27.768,6.936,13.657,84.978,13.206,35.411,15.794,205.804,36.813,28.422,27.371,45.238,95.354,65.726,55.598,6.611,52.191,47.021,100.058,157.224,93.145,23.996,17.133,15.749,97.229,19.999,13.415,124.178,10.041,31.298,78.647, 
Sumidero,67.489,93.072,21.642,203.606,137.537,17.52,43.14,31.317,21.298,9.307,245.194,18.51,109.983,31.868,60.774,12.219,99.211,76.922,28.252,19.192,109.801,107.731,14.988,24.476,14.026,37.198,15.092,220.098,73.57,19.832,130.7,23.071,39.303,27.626,57.364,20.893,0,42.857,116.188,21.21,24.742,21.369,40.453,6.005,19.401,62.664,20.353,27.028,76.273,219.851,202.611,120.514,139.083,24.097,47.996,10.77,40.933,86.702,30.033,11.287,143.726,110.131,7.465,14.724,13.105,64.675,11.286,15.107,15.242,209.858,16.509,8.119,7.067,48.196,144.285,45.423,35.295,14.804,31.888,26.717,104.112,136.92,97.199,3.692,20.76,7.022,101.283,24.053,15.568,103.874,11.75,10.995,82.702, 
Atzompa,48.657,135.195,49.458,185.265,87.969,48.459,85.263,73.44,63.421,51.43,226.853,46.326,91.151,10.88,41.942,54.342,80.379,58.581,70.375,37.102,90.969,149.854,32.223,21.232,56.149,79.321,34.654,262.221,54.738,61.955,172.823,50.887,81.426,26.672,99.487,38.803,42.857,0,97.803,22.673,66.965,63.592,82.676,48.226,36.922,104.887,62.576,69.251,118.496,262.074,244.834,102.129,181.306,66.32,47.701,52.993,22.548,128.925,72.256,41.78,125.341,91.746,49.687,32.691,32.293,106.898,38.811,57.33,34.429,191.473,58.732,50.341,49.29,27.474,81.023,87.646,77.518,33.796,74.111,68.94,85.727,179.143,78.814,45.915,22.444,37.686,82.898,19.302,25.805,146.097,32.05,53.217,64.316, 
Calipan,48.854,208.526,122.789,87.103,56.565,121.79,158.594,146.771,136.752,124.761,128.691,119.657,25.759,99.609,61.789,127.673,25.596,41.628,143.706,110.433,23.465,145.155,105.554,94.563,129.48,152.652,107.985,165.392,44.221,135.286,246.154,124.218,154.757,120.519,115.11,112.134,116.188,97.803,0,96.511,140.803,137.43,156.514,122.064,110.76,105.479,136.414,143.089,120.522,154.021,173.53,4.474,255.144,140.158,93.455,126.831,76.21,129.618,146.094,115.618,27.686,17.355,123.525,106.528,106.131,104.434,112.649,131.168,108.267,93.819,132.57,124.179,123.128,126.158,29.054,161.484,151.356,107.634,147.949,142.778,10.756,237.588,20.317,119.753,96.282,111.524,15.674,93.14,99.643,219.935,105.888,127.055,38.618, 
Huiloapan de Cuauhtmoc,83.188,113.547,27.81,183.466,118.262,26.811,63.615,51.792,41.773,29.783,225.054,24.678,125.683,11.727,70.501,32.695,114.911,56.782,48.727,16.118,125.501,128.206,11.239,5.248,34.501,57.673,13.006,240.573,89.269,40.307,151.175,29.239,59.778,25.54,77.839,17.819,21.21,22.673,96.511,0,45.832,42.459,61.543,27.093,15.872,83.754,41.443,48.118,97.363,240.941,223.701,100.29,160.173,45.187,46.051,31.86,20.708,107.792,51.123,20.648,123.502,89.907,28.555,11.64,11.16,85.765,17.76,36.197,13.296,189.634,37.599,29.209,28.157,28.886,79.184,66.513,56.385,12.746,52.978,47.807,83.888,158.01,76.975,24.782,1.394,16.554,81.059,3.828,4.755,124.964,10.999,32.085,62.477, 
Tomatln,91.642,111.22,45.794,227.758,161.689,32.151,20.972,49.465,14.009,27.455,296.777,42.662,134.136,56.02,84.927,16.079,123.364,101.074,46.4,43.345,133.954,125.879,39.141,48.628,15.347,55.346,39.245,238.246,97.723,37.98,148.848,41.195,57.451,51.779,75.512,45.046,24.742,66.965,140.803,45.832,0,37.891,21.53,27.521,40.899,79.186,36.875,43.55,92.795,236.374,219.134,142.012,155.606,5.94,69.494,11.692,62.431,103.224,20.233,27.216,165.224,131.629,23.987,36.222,34.603,81.197,33.121,31.63,36.74,231.356,5.91,24.641,17.742,69.694,165.783,61.945,51.817,36.302,48.41,7.794,125.61,153.443,118.697,18.982,42.257,32.023,122.781,45.551,37.066,120.397,33.248,19.803,104.2, 
Paraje Nuevo,88.268,78.507,37.394,224.385,158.316,26.675,44.066,11.768,36.957,16.391,264.064,34.262,130.762,52.647,81.553,15.335,119.99,97.701,20.663,39.971,130.58,93.166,35.767,45.255,14.373,22.336,35.871,205.533,94.349,12.243,116.135,35.719,24.441,48.405,42.502,41.672,21.369,63.592,137.43,42.459,37.891,0,54.782,26.213,39.591,48.168,5.163,12.532,61.777,205.634,188.394,140.704,124.866,38.426,68.186,25.1,61.123,72.206,44.362,24.895,163.916,130.321,17.298,34.914,33.295,50.179,31.813,8.22,35.432,265.932,30.838,13.622,15.825,68.386,164.475,22.192,20.798,34.994,8.657,41.046,124.302,122.703,117.389,18.021,40.949,30.715,121.473,44.243,35.758,89.657,31.94,11.212,102.892, 
Tetelzingo,107.353,126.93,61.505,243.469,177.4,47.861,44.893,65.175,27.052,43.165,312.487,58.373,149.847,71.731,100.638,38.213,139.075,116.785,62.11,59.056,149.665,141.589,54.852,64.339,36.833,71.056,54.956,253.956,113.434,53.69,164.558,56.905,73.161,67.49,91.222,40.17,40.453,82.676,156.514,61.543,21.53,54.782,0,44.349,57.727,96.014,53.703,60.378,109.623,253.202,235.962,158.84,172.434,23.162,86.322,28.52,79.259,120.052,18.303,44.044,182.052,148.457,40.815,53.05,51.431,98.025,49.949,48.458,53.568,248.184,22.881,41.469,39.811,86.522,182.611,78.773,68.645,53.13,65.238,13.732,142.438,170.271,135.525,35.81,59.085,48.851,139.609,62.379,53.894,137.225,50.076,43.577,121.028, 
Dos Ros (Tocuila),72.902,98.361,27.055,209.019,142.95,22.809,48.429,36.606,10.638,14.596,250.607,23.923,115.396,37.281,66.187,17.508,104.624,82.335,33.541,24.605,115.214,113.02,20.401,29.889,19.315,42.487,20.505,225.387,78.983,25.121,135.989,28.484,44.592,33.039,62.653,26.306,6.005,48.226,122.064,27.093,27.521,26.213,44.349,0,24.631,68.018,25.707,32.382,81.627,225.205,207.965,125.744,144.437,29.451,53.226,16.124,46.163,92.056,19.215,19.85,148.956,115.361,12.819,19.954,18.335,70.029,10.958,20.461,20.472,215.088,21.863,13.473,12.421,53.426,149.515,50.777,40.649,16.396,37.242,32.071,109.342,142.274,102.429,9.046,25.989,12.146,106.513,29.283,20.798,109.228,16.98,16.349,87.932, 
Ixhuatlancillo,66.852,111.739,25.985,197.715,132.75,24.986,61.807,49.984,39.965,27.974,239.303,22.853,109.346,25.977,60.137,30.886,98.574,71.031,46.919,3.556,109.164,126.398,5.29,19.689,32.693,55.865,14.455,238.765,72.933,38.499,149.367,27.414,57.97,26.989,76.031,5.257,19.401,36.922,110.76,15.872,40.899,39.591,57.727,24.631,0,81.558,39.247,45.922,95.167,238.746,221.506,114.442,157.978,42.992,47.139,29.665,34.861,105.596,48.928,18.435,137.654,104.059,26.359,4.813,12.248,83.569,11.798,34.002,14.385,203.786,35.404,27.013,25.962,43.22,93.336,64.317,54.189,7.02,50.782,45.612,98.04,155.815,91.127,22.587,15.115,14.34,95.211,17.981,11.397,122.769,8.632,29.889,76.629, 
Tezonapa,101.992,74.164,83.716,85.328,199.611,68.947,86.056,51.653,78.252,57.686,229.421,80.584,93.73,93.942,114.927,57.325,82.958,138.996,33.261,81.266,93.548,34.291,77.062,86.55,56.363,26.554,77.166,170.89,97.359,41.734,81.492,77.991,24.944,89.7,6.073,82.967,62.664,104.887,105.479,83.754,79.186,48.168,96.014,68.018,81.558,0,47.199,39.016,13.892,170.414,153.174,114.684,68.858,80.578,69.074,67.252,103.275,24.321,86.514,67.048,137.896,172.473,59.451,77.066,75.447,2.011,73.965,50.372,77.584,230.712,72.99,55.774,57.861,110.538,206.627,60.915,37.921,77.146,47.38,83.198,120.492,87.483,159.541,60.173,83.101,72.867,163.625,86.395,77.91,54.438,74.092,53.248,145.044, 
Peuela,87.252,77.491,33.353,223.369,157.3,22.634,40.025,15.556,35.941,15.375,263.048,30.221,129.746,51.631,80.537,11.294,118.974,96.685,16.623,38.955,129.564,92.15,34.751,44.239,10.332,21.321,34.855,204.517,93.333,8.203,115.119,31.678,23.426,47.389,41.487,40.656,20.353,62.576,136.414,41.443,36.875,5.163,53.703,25.707,39.247,47.199,0,11.526,60.772,204.629,187.389,139.699,123.861,37.421,67.181,24.095,60.118,71.201,43.357,20.544,162.911,129.316,16.293,33.909,32.29,49.174,30.808,5.007,34.427,264.927,29.833,12.617,11.777,67.381,163.47,25.99,19.793,33.989,12.455,40.041,123.297,121.698,116.384,17.016,39.944,29.71,120.468,43.238,34.753,88.652,30.935,7.164,101.887, 
Yanga,93.927,70.827,48.08,230.044,163.975,33.311,50.42,14.449,42.616,22.05,254.167,44.948,130.738,58.306,87.212,21.689,119.966,103.36,18.824,45.63,130.556,83.269,41.426,50.914,20.727,13.138,41.53,195.636,100.008,18.776,106.238,42.355,15.243,54.064,33.304,47.331,27.028,69.251,143.089,48.118,43.55,12.532,60.378,32.382,45.922,39.016,11.526,0,54.785,195.948,178.708,147.181,115.18,44.903,74.663,31.577,67.6,65.214,50.839,31.373,170.393,136.798,23.776,41.391,39.772,43.187,38.29,14.697,41.909,256.246,37.315,20.099,22.186,74.863,170.952,25.24,9.007,41.471,11.705,47.523,130.779,113.017,123.866,24.498,47.426,37.192,127.95,50.72,42.235,79.971,38.417,17.573,109.369, 
Acatln de Prez Figueroa,117.035,61.928,97.325,227.765,213.22,82.556,99.665,65.262,91.861,71.295,215.557,94.193,108.773,107.551,129.97,70.934,98.001,152.605,46.87,94.875,108.591,20.427,90.671,100.159,69.972,40.163,90.775,157.026,112.402,55.343,67.628,91.6,38.553,103.309,19.682,96.576,76.273,118.496,120.522,97.363,92.795,61.777,109.623,81.627,95.167,13.892,60.772,54.785,0,156.544,139.304,130.742,54.988,94.268,82.764,80.942,116.965,10.451,100.204,80.738,153.954,143.149,73.141,90.756,89.137,13.993,87.655,64.062,91.274,216.842,86.68,69.464,71.551,124.228,220.317,74.605,48.746,90.836,61.07,96.888,136.55,73.613,173.231,73.863,96.791,86.557,177.315,100.085,91.6,40.568,87.782,66.938,158.734, 
San Felipe Jalapa de Daz,203.06,143.604,240.903,71.546,210.438,226.134,257.282,203.126,235.44,214.873,59.338,237.771,178.969,251.129,215.995,214.791,179.802,195.5,203.965,238.454,174.71,136.197,234.25,243.737,213.83,192.386,234.353,15.987,198.427,211.6,106.032,235.178,194.491,246.887,176.204,240.155,219.851,262.074,154.021,240.941,236.374,205.634,253.202,225.205,238.746,170.414,204.629,195.948,156.544,0,20.383,146.406,122.73,237.667,267.427,224.341,226.895,147.42,243.603,224.136,124.292,168.04,216.539,234.155,232.536,171,231.054,207.461,234.673,61.726,230.079,212.863,217.011,267.627,179.739,209.352,186.945,234.235,196.874,240.287,161.441,84.441,171.002,217.262,240.19,229.956,166.359,243.484,234.999,116.939,231.181,213.925,189.303, 
San Lucas Ojitln,222.569,126.364,223.663,91.055,229.947,208.894,240.042,185.886,218.2,197.633,78.847,220.531,198.478,233.889,235.504,197.551,199.311,215.009,186.725,221.214,194.219,118.957,217.01,226.497,196.59,175.146,217.113,20.316,217.936,194.36,88.792,217.938,177.251,229.647,158.964,222.915,202.611,244.834,173.53,223.701,219.134,188.394,235.962,207.965,221.506,153.174,187.389,178.708,139.304,20.383,0,165.915,105.793,220.73,250.49,207.404,243.427,130.483,226.666,207.199,143.801,187.549,199.602,217.218,215.599,154.063,214.117,190.524,217.736,81.235,213.142,195.926,200.074,250.69,199.248,192.415,170.008,217.298,179.937,223.35,180.95,67.504,190.511,200.325,223.253,213.019,185.868,226.547,218.062,100.002,214.244,196.988,208.812, 
Coxcatln,53.513,212.852,127.115,82.676,60.891,126.116,162.92,151.097,141.078,129.087,124.264,123.983,30.996,103.935,66.448,131.999,30.255,45.954,148.032,114.759,26.737,149.814,109.88,98.889,133.806,156.978,112.311,160.965,48.88,139.612,250.48,128.544,159.083,124.845,119.769,116.46,120.514,102.129,4.474,100.29,142.012,140.704,158.84,125.744,114.442,114.684,139.699,147.181,130.742,146.406,165.915,0,259.459,144.473,98.083,131.146,80.525,134.246,150.409,119.933,23.27,21.67,127.84,110.843,110.446,109.062,116.964,135.483,112.582,89.403,136.885,128.494,127.443,130.473,33.369,165.799,155.671,111.949,152.264,147.093,15.071,233.172,24.632,124.068,100.597,115.839,19.989,97.455,103.958,224.25,110.203,131.37,42.933, 
Temascal,170.668,62.836,160.135,193.402,276.03,145.366,176.514,122.358,154.672,134.105,181.194,157.003,162.406,170.361,199.267,134.023,151.634,215.415,123.197,157.686,162.224,55.429,153.482,162.969,133.062,111.618,153.585,122.663,166.035,130.832,33.265,154.41,113.723,166.119,74.648,159.387,139.083,181.306,255.144,160.173,155.606,124.866,172.434,144.437,157.978,68.858,123.861,115.18,54.988,122.73,105.793,259.459,0,157.211,186.971,143.885,179.908,45.318,163.147,143.68,245.906,249.106,136.083,153.699,152.08,68.898,150.598,127.005,154.217,183.34,149.623,132.407,136.555,187.171,283.26,128.896,106.489,153.779,116.418,159.831,243.087,40.111,236.174,136.806,159.734,149.5,240.258,163.028,154.543,36.483,150.725,133.469,221.677, 
Ixhuatln del Caf,90.997,110.574,45.149,227.113,161.044,31.505,13.934,48.819,19.949,26.809,296.131,42.017,133.491,55.375,84.282,20.831,122.719,100.429,45.754,42.7,133.309,125.233,38.496,47.983,20.099,54.7,38.6,237.6,97.078,37.334,148.202,40.549,56.805,51.134,74.866,44.401,24.097,66.32,140.158,45.187,5.94,38.426,23.162,29.451,42.992,80.578,37.421,44.903,94.268,237.667,220.73,144.473,157.211,0,75.37,17.568,68.307,109.1,26.109,33.092,171.1,137.505,29.863,42.098,40.479,87.073,38.997,37.506,42.616,237.232,10.662,30.517,22.494,75.57,171.659,38.447,57.693,42.178,54.286,13.734,131.486,159.319,124.573,24.858,48.133,37.899,128.657,51.427,42.942,126.273,39.124,24.555,110.076, 
Zongolica,49.926,140.334,54.597,180.723,161.908,53.598,90.402,78.579,68.56,56.57,222.311,51.465,81.706,56.239,47.492,59.482,70.934,101.293,35.811,46.847,81.524,154.993,42.643,48.847,61.288,84.46,33.036,267.36,43.84,34.34,177.962,56.026,46.458,20.438,63.362,48.548,47.996,47.701,93.455,46.051,69.494,68.186,86.322,53.226,47.139,69.074,67.181,74.663,82.764,267.427,250.49,98.083,186.971,75.37,0,57.971,65.428,89.194,77.234,46.758,115.784,134.626,54.665,42.442,35.711,71.085,52.112,62.307,36.82,181.917,63.71,55.319,54.268,72.691,168.78,92.623,82.495,45.093,79.088,73.918,98.38,184.12,121.694,50.893,45.254,42.664,125.778,48.548,42.596,151.074,40.148,58.195,107.197, 
Monte Blanco,77.67,97.248,31.822,213.786,147.717,18.178,32.6,35.493,10.758,13.483,282.805,28.69,120.164,42.048,70.955,8.46,109.392,87.102,32.428,29.373,119.982,111.907,25.169,34.656,12.151,41.374,25.273,224.274,83.751,24.008,134.876,27.222,43.479,37.807,61.54,31.074,10.77,52.993,126.831,31.86,11.692,25.1,28.52,16.124,29.665,67.252,24.095,31.577,80.942,224.341,207.404,131.146,143.885,17.568,57.971,0,50.813,91.606,19.337,15.598,153.606,120.011,12.369,24.604,22.985,69.579,21.503,20.012,25.122,219.738,5.813,13.023,11.365,58.076,154.165,50.327,40.199,24.684,36.792,16.021,113.992,141.825,107.079,7.364,30.639,20.405,111.163,33.933,25.448,108.779,21.63,15.131,92.582, 
Acultzingo,62.887,133.271,47.534,163.165,65.869,46.535,83.339,71.516,61.497,49.506,204.753,44.402,105.382,24.354,50.2,52.418,94.61,36.481,68.451,35.178,105.2,147.93,30.299,19.308,54.225,77.397,32.73,260.297,68.968,60.031,170.899,48.963,79.502,45.264,97.563,36.879,40.933,22.548,76.21,20.708,62.431,61.123,79.259,46.163,34.861,103.275,60.118,67.6,116.965,226.895,243.427,80.525,179.908,68.307,65.428,50.813,0,126.959,70.29,39.814,103.199,69.604,47.721,30.725,30.327,104.932,36.845,55.364,32.463,169.331,56.766,48.375,47.324,25.508,58.881,85.68,75.552,31.83,72.145,66.974,63.585,177.177,56.672,43.949,20.478,35.72,60.756,17.336,23.839,144.131,30.084,51.251,42.174, 
Vicente Camalote,126.131,52.255,107.754,218.092,223.649,92.985,110.094,75.691,102.29,81.724,205.884,104.622,117.869,117.98,139.066,81.363,107.097,163.034,57.299,105.304,117.687,10.754,101.1,110.588,80.401,50.592,101.204,147.353,121.498,65.772,57.955,102.029,48.982,113.738,30.111,107.005,86.702,128.925,129.618,107.792,103.224,72.206,120.052,92.056,105.596,24.321,71.201,65.214,10.451,147.42,130.483,134.246,45.318,109.1,89.194,91.606,126.959,0,110.571,91.105,163.052,152.247,83.508,101.123,99.504,24.36,98.022,74.429,101.641,207.17,97.047,79.831,81.918,134.595,230.684,84.972,55.136,101.203,71.437,107.255,145.648,63.941,183.598,84.23,107.158,96.924,150.566,110.452,101.967,30.896,98.149,77.305,169.101, 
Xocotla,96.933,116.51,51.085,233.049,166.98,37.441,41.141,54.755,8.75,32.745,302.067,47.953,139.427,61.311,90.218,27.792,128.655,106.365,51.69,48.636,139.245,131.169,44.432,53.919,29.638,60.636,44.536,243.536,103.014,43.27,154.138,46.485,62.741,57.07,80.802,50.337,30.033,72.256,146.094,51.123,20.233,44.362,18.303,19.215,48.928,86.514,43.357,50.839,100.204,243.603,226.666,150.409,163.147,26.109,77.234,19.337,70.29,110.571,0,34.86,172.868,139.273,31.631,43.866,42.247,88.841,28.225,39.274,44.384,239,14.353,32.285,30.627,77.338,173.427,69.589,59.461,43.946,56.054,17.557,133.254,161.087,126.341,26.626,49.901,39.667,130.425,53.195,44.71,128.041,40.892,34.393,111.844, 
Cuautlapan,66.457,97.043,14.466,202.573,136.504,13.467,48.124,35.288,26.282,13.215,244.161,11.334,108.951,30.835,59.742,14.331,98.179,75.889,32.224,18.143,108.769,111.702,13.939,23.443,16.37,41.17,14.06,224.069,72.538,23.804,134.671,15.895,43.275,26.594,61.336,19.844,11.287,41.78,115.618,20.648,27.216,24.895,44.044,19.85,18.435,67.048,20.544,31.373,80.738,224.136,207.199,119.933,143.68,33.092,46.758,15.598,39.814,91.105,34.86,0,142.81,109.215,11.616,13.791,12.189,68.829,13.013,19.261,14.326,208.942,21.338,12.27,10.406,47.28,143.369,45.362,39.449,13.871,31.827,31.546,103.196,141.074,96.283,8.521,19.843,6.168,100.367,23.137,14.635,108.028,10.818,14.158,81.786, 
Teotitln de Flores Magn,76.725,236.064,150.327,60.562,84.103,149.328,186.132,174.309,164.29,152.299,102.15,147.195,52.635,127.147,89.66,155.211,53.467,69.166,171.244,137.971,48.376,173.026,133.092,122.101,157.018,180.19,135.523,138.851,72.092,162.824,228.896,151.756,182.295,148.057,142.981,139.672,143.726,125.341,27.686,123.502,165.224,163.916,182.052,148.956,137.654,137.896,162.911,170.393,153.954,124.292,143.801,23.27,245.906,171.1,115.784,153.606,103.199,163.052,172.868,142.81,0,44.904,151.075,134.078,133.681,132.296,140.199,158.718,135.817,66.114,160.12,151.729,150.678,153.708,56.604,189.034,178.906,135.184,175.499,170.328,38.306,209.883,47.867,147.303,123.832,139.074,43.224,120.69,127.193,247.485,133.438,154.605,66.168, 
San Jos Miahuatln,65.92,202.469,116.732,104.31,47.92,115.733,152.537,140.714,130.695,118.704,145.898,113.6,42.825,93.552,57.026,121.616,42.662,35.571,137.649,104.376,40.531,217.128,99.497,88.506,123.423,146.595,101.928,182.599,61.287,129.229,240.097,118.161,148.7,114.462,166.761,106.077,110.131,91.746,17.355,89.907,131.629,130.321,148.457,115.361,104.059,172.473,129.316,136.798,143.149,168.04,187.549,21.67,249.106,137.505,134.626,120.011,69.604,152.247,139.273,109.215,44.904,0,151.891,135.998,134.497,121.508,149.338,159.534,136.633,111.025,160.936,152.545,151.494,117.838,9.208,189.85,179.722,137.104,176.315,171.144,10.041,281.347,14.26,148.119,125.514,139.89,15.447,122.861,128.875,248.301,135.357,155.421,32.769, 
El Pueblito (Crucero Nacional),74.364,89.446,24.465,210.48,144.411,13.745,44.895,27.691,23.053,1.562,275.003,21.333,116.858,38.742,67.649,6.149,106.086,83.796,20.191,26.067,116.676,104.105,21.863,31.35,7.425,33.573,21.967,216.472,80.445,16.207,127.074,22.789,35.678,34.501,53.739,27.768,7.465,49.687,123.525,28.555,23.987,17.298,40.815,12.819,26.359,59.451,16.293,23.776,73.141,216.539,199.602,127.84,136.083,29.863,54.665,12.369,47.721,83.508,31.631,11.616,151.075,151.891,0,21.735,20.117,58.135,18.634,8.567,22.254,216.869,17.659,0.774,3.879,55.208,151.296,38.883,28.755,21.815,25.348,27.867,111.123,130.38,104.21,4.842,27.771,17.536,108.294,31.064,22.579,97.334,18.761,4.401,89.713, 
Unin y Progreso,62.141,107.062,21.308,193.483,128.518,20.309,57.13,45.307,35.288,23.297,235.071,18.176,104.635,21.745,55.426,26.209,93.863,66.799,42.242,5.235,104.453,121.721,1.425,15.457,28.016,51.188,9.744,234.088,68.222,33.822,144.69,22.737,53.293,22.278,71.354,6.936,14.724,32.691,106.528,11.64,36.222,34.914,53.05,19.954,4.813,77.066,33.909,41.391,90.756,234.155,217.218,110.843,153.699,42.098,42.442,24.604,30.725,101.123,43.866,13.791,134.078,135.998,21.735,0,7.603,78.924,7.152,29.357,9.74,199.363,30.759,22.368,21.317,38.797,88.913,59.672,49.544,2.084,46.137,40.967,93.617,151.17,86.704,17.942,10.692,9.695,90.788,13.558,6.974,118.124,3.987,25.244,72.206, 
Jalapilla,55.409,105.443,19.706,193.086,127.017,18.707,55.511,43.688,33.669,21.679,234.674,16.574,97.903,21.348,48.694,24.591,87.131,66.402,40.623,11.956,97.721,120.102,7.752,13.956,26.397,49.569,3.013,232.469,61.49,32.203,143.071,21.135,51.674,15.546,69.735,13.657,13.105,32.293,106.131,11.16,34.603,33.295,51.431,18.335,12.248,75.447,32.29,39.772,89.137,232.536,215.599,110.446,152.08,40.479,35.711,22.985,30.327,99.504,42.247,12.189,133.681,134.497,20.117,7.603,0,76.492,16.729,26.924,2.183,199.363,28.327,19.936,18.885,37.701,133.79,57.24,47.112,9.959,43.705,38.535,93.617,148.737,86.704,15.51,10.265,7.281,90.788,13.558,7.607,115.691,5.014,22.812,72.207, 
Cosolapa,100.947,74.207,85.727,84.283,201.622,70.958,88.067,53.664,80.263,59.697,229.464,82.595,92.685,95.953,113.882,59.336,81.913,141.007,35.272,83.277,92.503,34.334,79.073,88.561,58.374,28.565,79.177,170.933,96.314,43.745,81.535,80.002,26.955,91.711,8.084,84.978,64.675,106.898,104.434,85.765,81.197,50.179,98.025,70.029,83.569,2.011,49.174,43.187,13.993,171,154.063,109.062,68.898,87.073,71.085,69.579,104.932,24.36,88.841,68.829,132.296,121.508,58.135,78.924,76.492,0,76.061,52.468,79.68,230.75,75.086,57.87,59.957,112.634,208.723,63.011,40.017,79.242,49.476,85.294,120.303,87.521,161.637,62.269,85.197,74.963,165.721,88.491,80.006,54.476,76.188,55.344,147.14, 
Atzacan,71.811,103.961,20.53,199.604,141.858,19.531,54.029,42.206,19.647,20.196,241.192,17.398,114.305,27.866,65.096,23.108,103.533,72.92,39.141,11.505,114.123,118.62,7.302,28.797,24.915,48.087,19.414,230.987,77.892,30.721,141.589,21.959,50.192,31.948,68.253,13.206,11.286,38.811,112.649,17.76,33.121,31.813,49.949,10.958,11.798,73.965,30.808,38.29,87.655,231.054,214.117,116.964,150.598,38.997,52.112,21.503,36.845,98.022,28.225,13.013,140.199,149.338,18.634,7.152,16.729,76.061,0,30.24,19.435,205.033,31.642,23.251,22.2,52.389,94.583,60.555,50.427,5.483,47.02,41.85,99.287,152.053,92.374,18.825,16.362,6.779,96.458,19.228,12.644,119.007,8.052,26.127,77.876, 
Amatln de los Reyes,82.006,80.368,36.159,218.123,152.054,21.39,52.538,18.613,30.696,10.129,265.925,33.027,124.5,46.385,75.291,11.622,113.728,91.439,12.912,33.71,124.318,95.027,29.506,38.993,10.661,24.494,29.609,207.394,88.087,4.492,117.996,30.434,26.599,42.143,44.66,35.411,15.107,57.33,131.168,36.197,31.63,8.22,48.458,20.461,34.002,50.372,5.007,14.697,64.062,207.461,190.524,135.483,127.005,37.506,62.307,20.012,55.364,74.429,39.274,19.261,158.718,159.534,8.567,29.357,26.924,52.468,30.24,0,29.847,224.463,25.253,8.038,12.186,62.801,158.89,32.678,22.55,29.409,19.143,35.461,118.717,124.176,111.804,12.436,35.364,25.13,115.888,38.658,30.173,91.13,26.355,9.1,97.307, 
Rafael Delgado,56.519,107.58,21.843,195.222,129.153,20.844,57.648,45.825,35.806,23.816,236.81,18.711,99.013,23.484,49.804,26.728,88.241,68.538,42.76,14.093,98.831,122.239,9.889,16.092,28.534,51.706,4.122,234.606,62.6,34.34,145.208,23.272,53.811,16.656,71.872,15.794,15.242,34.429,108.267,13.296,36.74,35.432,53.568,20.472,14.385,77.584,34.427,41.909,91.274,234.673,217.736,112.582,154.217,42.616,36.82,25.122,32.463,101.641,44.384,14.326,135.817,136.633,22.254,9.74,2.183,79.68,19.435,29.847,0,201.265,30.229,21.838,20.787,39.603,135.692,59.142,49.014,11.861,45.607,40.437,95.519,150.639,88.606,17.412,12.167,9.183,92.69,15.46,9.509,117.593,6.916,24.714,74.109, 
Huautla de Jimnez,142.858,203.902,216.459,11.344,150.236,215.46,252.264,263.424,230.422,218.431,39.584,213.327,118.767,193.279,155.793,221.343,119.6,135.298,264.263,204.103,114.508,196.495,199.224,188.233,223.15,252.684,201.655,76.285,138.225,228.956,166.33,217.888,254.789,214.189,236.502,205.804,209.858,191.473,93.819,189.634,231.356,265.932,248.184,215.088,203.786,230.712,264.927,256.246,216.842,61.726,81.235,89.403,183.34,237.232,181.917,219.738,169.331,207.17,239,208.942,66.114,111.025,216.869,199.363,199.363,230.75,205.033,224.463,201.265,0,223.03,214.639,213.588,216.618,119.514,270.219,247.812,198.094,257.741,233.238,101.216,145.308,110.777,210.213,186.742,201.984,106.134,183.6,190.103,177.806,196.348,217.515,129.078, 
Chocamn,83.409,102.986,37.561,219.525,153.456,23.917,25.694,41.231,5.775,19.221,288.543,34.429,125.903,47.787,76.694,14.269,115.131,92.841,38.166,35.112,125.721,117.645,30.908,40.395,14.788,47.112,31.012,230.012,89.49,29.746,140.614,32.961,49.217,43.546,67.278,36.813,16.509,58.732,132.57,37.599,5.91,30.838,22.881,21.863,35.404,72.99,29.833,37.315,86.68,230.079,213.142,136.885,149.623,10.662,63.71,5.813,56.766,97.047,14.353,21.338,160.12,160.936,17.659,30.759,28.327,75.086,31.642,25.253,30.229,223.03,0,18.762,17.104,63.815,159.904,56.066,45.938,30.423,42.531,10.382,119.731,147.564,112.818,13.103,36.378,26.144,116.902,39.672,31.187,114.518,27.369,20.87,98.321, 
La Luz Francisco I. Madero (San Romn),75.018,85.77,25.119,211.134,145.065,14.399,45.549,24.015,23.707,2.336,271.327,21.987,117.512,39.396,68.303,6.803,106.74,84.45,19.463,26.721,117.33,100.429,22.517,32.004,6.697,29.896,22.621,212.796,81.099,12.531,123.398,23.443,32.001,35.155,50.062,28.422,8.119,50.341,124.179,29.209,24.641,13.622,41.469,13.473,27.013,55.774,12.617,20.099,69.464,212.863,195.926,128.494,132.407,30.517,55.319,13.023,48.375,79.831,32.285,12.27,151.729,152.545,0.774,22.368,19.936,57.87,23.251,8.038,21.838,214.639,18.762,0,4.541,57.308,153.396,38.109,27.981,23.916,24.574,29.967,113.223,129.606,106.31,6.942,29.871,19.637,110.394,33.164,24.68,96.56,20.862,3.627,91.813, 
Crdoba (Santa Leticia),73.967,89.918,23.254,210.083,144.014,12.535,36.114,26.218,22.049,5.441,275.475,20.122,116.461,38.345,67.252,3.476,105.689,83.399,25.099,25.67,116.279,104.577,21.466,30.953,7.603,31.983,21.57,216.944,80.048,16.679,127.546,21.579,34.088,34.104,52.149,27.371,7.067,49.29,123.128,28.157,17.742,15.825,39.811,12.421,25.962,57.861,11.777,22.186,71.551,217.011,200.074,127.443,136.555,22.494,54.268,11.365,47.324,81.918,30.627,10.406,150.678,151.494,3.879,21.317,18.885,59.957,22.2,12.186,20.787,213.588,17.104,4.541,0,55.769,151.857,36.276,30.079,22.376,22.741,27.302,111.684,131.984,104.771,4.277,28.332,14.956,108.855,31.625,23.14,98.938,19.322,5.072,90.274, 
Maltrata,79.116,140.534,54.797,213.113,110.358,53.798,90.602,78.779,68.76,56.77,254.701,51.665,121.611,34.247,66.429,59.682,110.839,52.71,75.714,43.537,121.429,155.193,38.658,24.059,61.488,84.66,39.993,267.56,85.197,67.294,178.162,56.226,86.765,52.527,104.826,45.238,48.196,27.474,126.158,28.886,69.694,68.386,86.522,53.426,43.22,110.538,67.381,74.863,124.228,267.627,250.69,130.473,187.171,75.57,72.691,58.076,25.508,134.595,77.338,47.28,153.708,117.838,55.208,38.797,37.701,112.634,52.389,62.801,39.603,216.618,63.815,57.308,55.769,0,75.106,81.125,70.997,28.379,67.59,62.419,79.81,172.622,72.897,39.394,16.789,31.165,76.981,14.136,20.15,139.576,26.632,46.696,58.399, 
San Gabriel Chilac,58.989,236.623,150.886,116.009,36.668,149.887,186.691,174.868,164.849,152.858,157.597,147.754,54.524,82.829,46.302,155.77,54.361,24.848,171.803,93.653,52.23,251.282,88.774,77.783,157.577,180.749,136.082,194.298,65.07,163.383,274.251,152.315,182.854,148.616,200.915,95.354,144.285,81.023,29.054,79.184,165.783,164.475,182.611,149.515,93.336,206.627,163.47,170.952,220.317,179.739,199.248,33.369,283.26,171.659,168.78,154.165,58.881,230.684,173.427,143.369,56.604,9.208,151.296,88.913,133.79,208.723,94.583,158.89,135.692,119.514,159.904,153.396,151.857,75.106,0,179.101,168.973,126.355,165.566,160.395,16.517,270.598,8.515,137.37,114.765,129.141,13.689,112.112,118.126,237.552,124.608,144.672,22.021, 
Paso del Macho,112.322,82.259,58.211,248.439,182.37,47.492,46.404,10.874,61.011,40.445,267.816,55.079,154.816,76.701,105.607,36.152,144.044,121.755,40.724,64.025,154.634,96.918,59.821,69.309,35.19,35.037,59.925,209.285,118.403,37.171,119.887,56.536,37.142,72.459,55.203,65.726,45.423,87.646,161.484,66.513,61.945,22.192,78.773,50.777,64.317,60.915,25.99,25.24,74.605,209.352,192.415,165.799,128.896,38.447,92.623,50.327,85.68,84.972,69.589,45.362,189.034,189.85,38.883,59.672,57.24,63.011,60.555,32.678,59.142,270.219,56.066,38.109,36.276,81.125,179.101,0,23.697,55.812,13.917,61.864,145.12,125.748,138.207,38.839,61.767,51.533,142.291,65.061,56.576,92.702,52.758,32.03,123.71, 
Cuitlhuac,102.194,64.389,56.347,257.617,172.242,41.578,58.686,15.631,50.883,30.317,245.409,53.215,129.643,66.573,95.479,29.955,118.871,111.627,23.622,53.897,129.461,74.511,49.693,59.181,28.993,12.043,49.797,186.878,108.275,27.043,97.48,50.622,14.148,62.331,32.209,55.598,35.295,77.518,151.356,56.385,51.817,20.798,68.645,40.649,54.189,37.921,19.793,9.007,48.746,186.945,170.008,155.671,106.489,57.693,82.495,40.199,75.552,55.136,59.461,39.449,178.906,179.722,28.755,49.544,47.112,40.017,50.427,22.55,49.014,247.812,45.938,27.981,30.079,70.997,168.973,23.697,0,49.474,13.469,55.526,138.782,104.799,131.869,32.501,55.429,45.195,135.953,58.723,50.238,71.753,46.42,25.576,117.372, 
Palmira,64.792,107.142,21.388,194.589,129.624,20.389,57.21,45.387,35.368,23.377,236.177,18.256,107.286,22.851,58.077,26.289,96.514,67.905,42.322,4.91,107.104,121.801,2.943,16.563,28.096,51.268,12.395,234.168,70.873,33.902,144.77,22.817,53.373,24.929,71.434,6.611,14.804,33.796,107.634,12.746,36.302,34.994,53.13,16.396,7.02,77.146,33.989,41.471,90.836,234.235,217.298,111.949,153.779,42.178,45.093,24.684,31.83,101.203,43.946,13.871,135.184,137.104,21.815,2.084,9.959,79.242,5.483,29.409,11.861,198.094,30.423,23.916,22.376,28.379,126.355,55.812,49.474,0,46.402,41.232,94.935,151.435,88.022,18.207,12.01,9.96,92.106,14.876,8.292,118.389,4.252,25.509,73.524, 
General Miguel Alemn (Potrero Nuevo),98.787,69.781,44.676,234.904,168.835,33.957,51.348,3.492,47.476,26.91,255.338,41.544,141.281,63.166,92.072,22.617,130.509,108.22,27.189,50.49,141.099,84.44,46.286,55.774,21.655,21.502,46.39,196.807,104.868,23.636,107.409,43.001,23.607,58.924,41.668,52.191,31.888,74.111,147.949,52.978,48.41,8.657,65.238,37.242,50.782,47.38,12.455,11.705,61.07,196.874,179.937,152.264,116.418,54.286,79.088,36.792,72.145,71.437,56.054,31.827,175.499,176.315,25.348,46.137,43.705,49.476,47.02,19.143,45.607,257.741,42.531,24.574,22.741,67.59,165.566,13.917,13.469,46.402,0,48.328,131.584,118.286,124.671,25.303,48.231,37.997,128.755,51.525,43.04,85.24,39.222,18.494,110.174, 
Coscomatepec de Bravo,93.617,113.194,47.769,229.733,163.664,34.125,31.117,51.439,15.983,29.429,298.751,44.637,136.111,57.995,86.902,24.477,125.339,103.049,48.374,45.32,135.929,127.853,41.116,50.603,23.097,57.32,41.22,240.22,99.698,39.954,150.822,43.169,59.425,53.754,77.486,47.021,26.717,68.94,142.778,47.807,7.794,41.046,13.732,32.071,45.612,83.198,40.041,47.523,96.888,240.287,223.35,147.093,159.831,13.734,73.918,16.021,66.974,107.255,17.557,31.546,170.328,171.144,27.867,40.967,38.535,85.294,41.85,35.461,40.437,233.238,10.382,29.967,27.302,62.419,160.395,61.864,55.526,41.232,48.328,0,129.143,156.976,122.23,22.515,45.79,35.556,126.314,49.084,40.599,123.93,36.781,30.282,107.733, 
San Sebastin Zinacatepec,59.321,196.45,110.713,97.711,44.489,109.714,146.518,134.695,124.676,112.685,139.299,107.581,36.226,87.533,51.006,115.597,36.063,29.552,131.63,98.357,33.932,211.109,93.478,82.487,117.404,140.576,95.909,176,54.688,123.21,234.078,112.142,142.681,108.443,160.742,100.058,104.112,85.727,10.756,83.888,125.61,124.302,142.438,109.342,98.04,120.492,123.297,130.779,136.55,161.441,180.95,15.071,243.087,131.486,98.38,113.992,63.585,145.648,133.254,103.196,38.306,10.041,111.123,93.617,93.617,120.303,99.287,118.717,95.519,101.216,119.731,113.223,111.684,79.81,16.517,145.12,138.782,94.935,131.584,129.143,0,240.905,8.241,107.677,84.206,99.448,5.218,81.064,87.567,207.859,93.812,114.979,26.542, 
Tres Valles,203.819,60.673,157.972,155.113,273.867,143.203,174.351,120.195,152.509,131.942,142.905,154.84,181.031,168.198,197.104,131.86,170.259,213.252,121.034,155.523,180.849,53.266,151.319,160.806,130.899,109.455,151.422,84.374,184.66,128.669,23.101,152.247,111.56,163.956,93.273,157.224,136.92,179.143,237.588,158.01,153.443,122.703,170.271,142.274,155.815,87.483,121.698,113.017,73.613,84.441,67.504,233.172,40.111,159.319,184.12,141.825,177.177,63.941,161.087,141.074,209.883,281.347,130.38,151.17,148.737,87.521,152.053,124.176,150.639,145.308,147.564,129.606,131.984,172.622,270.598,125.748,104.799,151.435,118.286,156.976,240.905,0,233.995,134.627,157.555,147.321,238.079,160.849,152.364,34.304,148.546,131.29,219.498, 
Altepexi,56.781,189.537,103.8,107.272,37.577,102.801,139.605,127.782,117.763,105.772,148.86,100.668,45.787,80.62,44.094,108.684,45.624,22.639,124.717,91.444,43.493,204.196,86.565,75.574,110.491,133.663,88.996,185.561,64.249,116.297,227.165,105.229,135.768,101.53,153.829,93.145,97.199,78.814,20.317,76.975,118.697,117.389,135.525,102.429,91.127,159.541,116.384,123.866,173.231,171.002,190.511,24.632,236.174,124.573,121.694,107.079,56.672,183.598,126.341,96.283,47.867,14.26,104.21,86.704,86.704,161.637,92.374,111.804,88.606,110.777,112.818,106.31,104.771,72.897,8.515,138.207,131.869,88.022,124.671,122.23,8.241,233.995,0,100.865,77.394,92.636,5.345,74.252,80.755,201.047,87,108.167,19.73, 
Fortn de las Flores,70.592,90.169,24.744,206.708,140.639,11.1,39.89,28.414,18.048,6.404,275.726,21.612,113.086,34.97,63.877,8.191,102.314,80.024,25.349,22.295,112.904,104.828,18.091,27.578,11.123,34.295,18.195,217.195,76.673,16.929,127.797,20.144,36.4,30.729,54.461,23.996,3.692,45.915,119.753,24.782,18.982,18.021,35.81,9.046,22.587,60.173,17.016,24.498,73.863,217.262,200.325,124.068,136.806,24.858,50.893,7.364,43.949,84.23,26.626,8.521,147.303,148.119,4.842,17.942,15.51,62.269,18.825,12.436,17.412,210.213,13.103,6.942,4.277,39.394,137.37,38.839,32.501,18.207,25.303,22.515,107.677,134.627,100.865,0,24.26,12.634,104.784,27.554,19.069,101.415,15.251,8.535,86.203, 
Nogales,82.959,113.097,27.36,183.237,118.034,26.361,63.165,51.342,41.323,29.333,224.825,24.228,125.454,11.499,70.272,32.245,114.682,56.553,48.277,15.432,125.272,127.756,10.553,5.02,34.051,57.223,12.556,240.123,89.04,39.857,150.725,28.789,59.328,25.09,77.389,17.133,20.76,22.444,96.282,1.394,42.257,40.949,59.085,25.989,15.115,83.101,39.944,47.426,96.791,240.19,223.253,100.597,159.734,48.133,45.254,30.639,20.478,107.158,49.901,19.843,123.832,125.514,27.771,10.692,10.265,85.197,16.362,35.364,12.167,186.742,36.378,29.871,28.332,16.789,114.765,61.767,55.429,12.01,48.231,45.79,84.206,157.555,77.394,24.26,0,16.385,80.813,3.583,4.093,124.795,10.338,31.916,62.231, 
Ixtaczoquitln,62.363,102.863,13.685,198.479,132.41,12.686,52.931,41.108,31.089,19.098,240.067,10.553,104.857,26.741,55.648,18.869,94.085,71.795,38.043,14.048,104.675,117.522,9.844,19.349,20.908,46.989,9.966,229.889,68.444,29.623,140.491,15.114,49.094,22.5,67.155,15.749,7.022,37.686,111.524,16.554,32.023,30.715,48.851,12.146,14.34,72.867,29.71,37.192,86.557,229.956,213.019,115.839,149.5,37.899,42.664,20.405,35.72,96.924,39.667,6.168,139.074,139.89,17.536,9.695,7.281,74.963,6.779,25.13,9.183,201.984,26.144,19.637,14.956,31.165,129.141,51.533,45.195,9.96,37.997,35.556,99.448,147.321,92.636,12.634,16.385,0,96.247,19.017,10.515,113.289,6.698,20.41,77.666, 
Ciudad de Ajalpan,60.865,193.621,107.884,102.629,41.66,106.885,143.689,131.866,121.847,109.856,144.217,104.752,41.144,84.704,48.178,112.768,40.981,26.723,128.801,95.528,38.85,208.28,90.649,79.658,114.575,137.747,93.08,180.918,59.606,120.381,231.249,109.313,139.852,105.614,157.913,97.229,101.283,82.898,15.674,81.059,122.781,121.473,139.609,106.513,95.211,163.625,120.468,127.95,177.315,166.359,185.868,19.989,240.258,128.657,125.778,111.163,60.756,150.566,130.425,100.367,43.224,15.447,108.294,90.788,90.788,165.721,96.458,115.888,92.69,106.134,116.902,110.394,108.855,76.981,13.689,142.291,135.953,92.106,128.755,126.314,5.218,238.079,5.345,104.784,80.813,96.247,0,78.424,84.927,205.219,91.172,112.339,23.902, 
Ciudad Mendoza,79.817,116.391,30.654,180.095,115.381,29.655,66.459,54.636,44.617,32.626,221.683,27.522,122.312,7.517,67.13,35.538,111.54,53.411,51.571,18.298,122.13,131.05,13.419,2.132,37.345,60.517,15.85,243.417,85.898,43.151,154.019,32.083,62.622,28.384,80.683,19.999,24.053,19.302,93.14,3.828,45.551,44.243,62.379,29.283,17.981,86.395,43.238,50.72,100.085,243.484,226.547,97.455,163.028,51.427,48.548,33.933,17.336,110.452,53.195,23.137,120.69,122.861,31.064,13.558,13.558,88.491,19.228,38.658,15.46,183.6,39.672,33.164,31.625,14.136,112.112,65.061,58.723,14.876,51.525,49.084,81.064,160.849,74.252,27.554,3.583,19.017,78.424,0,6.965,128.124,13.21,35.244,58.953, 
Ro Blanco,86.32,107.906,22.152,186.598,121.395,21.153,57.974,46.151,36.132,24.141,228.186,19.02,128.815,14.86,73.633,27.053,118.043,59.914,43.086,11.714,128.633,122.565,6.835,8.381,28.86,52.032,9.898,234.932,92.401,34.666,145.534,23.581,54.137,22.432,72.198,13.415,15.568,25.805,99.643,4.755,37.066,35.758,53.894,20.798,11.397,77.91,34.753,42.235,91.6,234.999,218.062,103.958,154.543,42.942,42.596,25.448,23.839,101.967,44.71,14.635,127.193,128.875,22.579,6.974,7.607,80.006,12.644,30.173,9.509,190.103,31.187,24.68,23.14,20.15,118.126,56.576,50.238,8.292,43.04,40.599,87.567,152.364,80.755,19.069,4.093,10.515,84.927,6.965,0,118.964,6.634,26.084,65.602, 
Tierra Blanca,170.773,30.873,124.926,187.611,240.821,110.157,141.305,87.149,119.463,98.896,175.403,121.794,147.986,135.152,164.058,98.814,137.214,180.206,87.988,122.477,147.804,20.221,118.273,127.76,97.853,76.409,118.376,116.872,151.615,95.623,27.474,119.201,78.514,130.91,60.228,124.178,103.874,146.097,219.935,124.964,120.397,89.657,137.225,109.228,122.769,54.438,88.652,79.971,40.568,116.939,100.002,224.25,36.483,126.273,151.074,108.779,144.131,30.896,128.041,108.028,247.485,248.301,97.334,118.124,115.691,54.476,119.007,91.13,117.593,177.806,114.518,96.56,98.938,139.576,237.552,92.702,71.753,118.389,85.24,123.93,207.859,34.304,201.047,101.415,124.795,113.289,205.219,128.124,118.964,0,115.758,98.502,186.71, 
Orizaba,59.847,104.088,18.335,192.843,127.877,17.336,54.156,42.333,32.314,20.323,234.431,15.203,102.341,21.104,53.132,23.235,91.569,66.159,39.268,8.34,102.159,118.747,4.136,14.816,25.042,48.214,7.45,231.114,65.928,30.848,141.716,19.764,50.319,19.984,68.38,10.041,11.75,32.05,105.888,10.999,33.248,31.94,50.076,16.98,8.632,74.092,30.935,38.417,87.782,231.181,214.244,110.203,150.725,39.124,40.148,21.63,30.084,98.149,40.892,10.818,133.438,135.357,18.761,3.987,5.014,76.188,8.052,26.355,6.916,196.348,27.369,20.862,19.322,26.632,124.608,52.758,46.42,4.252,39.222,36.781,93.812,148.546,87,15.251,10.338,6.698,91.172,13.21,6.634,115.758,0,21.955,71.828, 
Crdoba,77.894,86.832,27.007,214.01,147.941,16.288,33.679,21.605,25.815,5.963,272.389,23.875,120.388,42.272,71.179,4.948,109.616,87.326,20.919,29.597,120.206,101.491,25.393,34.88,3.986,27.37,25.497,213.858,83.975,13.593,124.46,25.332,29.475,38.031,47.536,31.298,10.995,53.217,127.055,32.085,19.803,11.212,43.577,16.349,29.889,53.248,7.164,17.573,66.938,213.925,196.988,131.37,133.469,24.555,58.195,15.131,51.251,77.305,34.393,14.158,154.605,155.421,4.401,25.244,22.812,55.344,26.127,9.1,24.714,217.515,20.87,3.627,5.072,46.696,144.672,32.03,25.576,25.509,18.494,30.282,114.979,131.29,108.167,8.535,31.916,20.41,112.339,35.244,26.084,98.502,21.955,0,93.297, 
Tehuacn,66.842,175.04,89.303,125.573,24.748,88.304,125.108,113.285,103.266,91.275,167.161,86.171,64.088,66.123,54.155,94.187,63.925,8.142,110.22,76.946,61.794,189.699,72.067,61.076,95.994,119.166,74.499,203.862,72.923,101.8,212.668,90.732,121.271,87.033,139.332,78.647,82.702,64.316,38.618,62.477,104.2,102.892,121.028,87.932,76.629,145.044,101.887,109.369,158.734,189.303,208.812,42.933,221.677,110.076,107.197,92.582,42.174,169.101,111.844,81.786,66.168,32.769,89.713,72.206,72.207,147.14,77.876,97.307,74.109,129.078,98.321,91.813,90.274,58.399,22.021,123.71,117.372,73.524,110.174,107.733,26.542,219.498,19.73,86.203,62.231,77.666,23.902,58.953,65.602,186.71,71.828,93.297,0, 
