LOCALIDADES,La Ermita (Nueva Jerusaln),Tecario,Zipiajo,Huaniqueo de Morales,Erongarcuaro,Santa Mara Huiramangaro (San Juan Tumbio),Urutaro,San Nicols Obispo,Quinceo,Arantepacua,Fraccionamiento Puerta del Sol,Campestre Tarmbaro,Jarcuaro,Ziracuaretiro,Puerto de Buenavista (Lzaro Crdenas),Zirahun,Galeana,Huiramba,Colonia Vista Bella (Lomas del Peaje),Zurumbeneo,Copndaro de Galeana,Naranja de Tapia,Tirndaro,Nocuptaro de Morelos,Sevina,Turcuaro,Tzintzuntzan,Ihuatzio,Santa Rosa (Santa Brbara),Toreo Bajo (El Toreo Bajo),Carcuaro de Morelos,Tjaro de los Izquierdo,Coeneo de la Libertad,San Antonio,Real Hacienda (Metrpolis),San Lorenzo,Villachuato,Cuto del Porvenir,Jess del Monte (La Capilla),Villa Jimnez,Villas de la Loma,San ngel Zurumucapio,Villa Magna,Cuanajo,Comachun,Santa Fe de la Laguna,San Francisco Pichtaro,Angamacutiro de la Unin,Capula,Caltzontzin,Charo,Panindcuaro,Fraccionamiento Metrpolis II,Fraccionamiento Galaxia Tarmbaro,Tarmbaro,Pedernales,La Aldea,Taretan,Villa Madero,Acuitzio del Canje,Huandacareo,Indaparapeo,Puruarn,Capcuaro,Tingambato,Fraccionamiento Misin del Valle,lvaro Obregn,Opopeo,Nahuatzen,Conjunto Habitacional Villas del Pedregal,Morelos,Chern,Santa Clara del Cobre,Quiroga,Nuevo San Juan Parangaricutiro,Ario de Rosales,Paracho de Verduzco,Tacmbaro de Codallos,Purundiro,Zacapu,Ptzcuaro,Uruapan,Morelia, 
La Ermita (Nueva Jerusaln),0,31.28,138.7,149.427,92.029,74.923,119.592,103.169,110.985,106.471,113.313,115.052,87.635,102.155,111.866,64.239,183.445,88.124,65.49,128.714,135.518,129.957,126.655,84.951,96.999,101.058,88.614,85.878,113.283,109.265,91.026,125.298,134.871,100.144,109.457,131.205,180.147,124.254,108.991,148.57,105.72,90.277,112.12,75.62,95.696,126.245,83.859,180.096,106.106,106.437,122.377,156.049,110.79,111.427,118.358,11.666,112.798,92.854,64.519,72.761,150.951,131.903,3.096,130.2,87.869,116.489,126.275,56.147,100.881,107.752,96.275,106.406,50.267,96.016,124.636,36.44,146.617,28.224,184.968,135.411,71.092,113.126,102.789, 
Tecario,31.28,0,107.432,118.159,60.761,48.116,107.402,90.98,84.178,79.664,101.123,102.862,56.367,77.584,99.677,37.432,152.177,56.855,34.221,116.525,123.328,98.689,95.387,77.943,70.192,74.251,57.346,54.61,91.917,83.052,84.018,113.108,103.603,87.955,97.267,109.839,148.879,112.064,96.802,117.302,93.531,71.05,80.851,44.352,68.889,94.977,57.052,148.828,74.837,85.071,110.188,124.781,98.6,99.237,106.168,26.4,100.609,86.331,44.197,52.439,138.761,119.714,28.606,108.834,61.062,104.3,114.085,24.688,74.074,84.763,84.086,79.599,22.855,64.748,103.27,20.5,125.251,13.911,153.7,104.143,39.824,91.76,90.599, 
Zipiajo,138.7,107.432,0,16.299,59.598,87.91,88.339,50.808,70.17,65.655,80.336,77.532,66.823,108.179,66.8,86.914,71.801,70.731,72.52,113.796,66.657,28.827,25.525,173.373,60.138,69.181,50.04,63.296,122.513,122.847,179.448,73.051,6.097,58.215,79.782,117.383,68.503,62.003,67.209,50.67,54.216,101.646,43.609,79.32,69.126,39.819,59.149,68.452,64.386,115.666,107.459,44.405,81.115,81.351,73.087,140.248,80.092,116.926,101.098,83.177,81.362,88.721,130.758,110.759,100.856,80.007,81.731,83.345,56.224,47.521,59.842,59.52,88,44.115,134.446,114.069,93.453,122.864,56.022,34.281,67.064,122.355,57.126, 
Huaniqueo de Morales,149.427,118.159,16.299,0,70.241,98.553,73.685,46.676,80.813,76.298,65.682,62.878,77.466,118.822,74.487,97.557,60.225,61.944,82.901,99.142,52.003,39.47,36.168,166.686,70.781,79.824,60.683,73.939,133.156,133.49,172.761,58.397,15.222,54.083,65.128,128.026,56.927,47.349,77.641,39.094,50.084,112.289,39.477,74.684,79.769,50.462,69.792,56.876,44.053,126.309,92.805,32.829,66.461,66.697,58.433,136.997,65.438,127.569,94.411,76.49,66.708,74.067,141.139,121.402,111.499,65.353,67.077,93.726,66.867,43.389,55.71,70.163,98.381,54.758,145.089,124.45,104.096,119.613,40.116,51.203,77.707,132.998,69.54, 
Erongarcuaro,92.029,60.761,59.598,70.241,0,18.559,88.684,60.328,52.757,48.243,82.405,84.144,7.225,52.712,80.959,31.447,85.568,38.137,25.347,97.807,104.61,32.08,28.778,144.516,30.836,42.83,32.994,30.258,67.046,53.853,150.591,94.39,45.122,69.237,78.549,78.705,82.27,93.346,78.084,50.693,67.321,46.179,56.714,38.628,37.468,26.133,25.632,82.219,50.7,60.199,91.47,58.172,79.882,80.519,87.45,93.075,81.891,61.459,72.241,54.32,120.043,100.996,83.585,77.7,31.862,85.582,95.367,36.172,34.718,60.626,65.368,40.243,40.827,30.429,78.398,66.896,52.286,75.691,95.695,37.534,20.385,66.888,71.881, 
Santa Mara Huiramangaro (San Juan Tumbio),74.923,48.116,87.91,98.553,18.559,0,92.394,75.972,36.638,32.124,86.115,87.854,15.244,33.7,84.669,10.749,94.637,41.847,23.63,101.517,108.32,40.784,43.338,148.226,22.653,26.711,37.867,35.131,47.049,38.267,154.301,98.1,65.16,72.947,82.259,63.119,91.339,97.056,81.794,59.762,78.523,27.167,65.843,33.621,21.349,45.248,9.513,91.288,59.829,41.187,95.18,67.241,83.592,84.229,91.16,91.358,85.601,42.447,75.951,58.03,123.753,104.706,77.601,62.114,16.276,89.292,99.077,29.909,26.535,69.755,69.078,32.06,26.23,45.269,58.478,50.108,44.103,73.974,104.764,46.603,25.258,46.968,75.591, 
Urutaro,119.592,107.402,88.339,73.685,88.684,92.394,0,35.274,129.325,124.811,14.224,5.028,86.102,112.813,23.029,92.268,116.27,52.021,72.977,27.292,25.102,92.918,89.616,138.839,115.339,119.398,64.726,77.26,127.147,123.128,144.914,5.595,71.53,27.826,13.67,145.069,112.972,13.839,26.183,95.139,28.139,106.28,33.432,64.761,114.036,89.206,102.199,112.921,38.008,120.3,20.955,88.874,15.003,15.239,14.076,109.15,10.475,121.56,66.564,48.643,40.536,17.933,117.282,144.064,106.209,6.7,7.042,83.802,119.221,30.172,26.37,124.746,88.457,57.78,138.499,114.526,160.481,91.766,100.77,98.371,73.477,126.989,18.082, 
San Nicols Obispo,103.169,90.98,50.808,46.676,60.328,75.972,35.274,0,112.038,107.524,29.252,30.019,68.815,95.526,26.833,74.981,103.069,34.734,55.69,43.681,50.485,65.271,61.969,121.552,98.052,102.111,37.079,50.335,109.86,105.841,127.627,40.265,70.185,14.987,25.396,127.782,99.771,39.221,23.958,83.883,11.881,88.993,9.371,47.474,96.749,61.559,84.912,99.72,10.361,103.013,37.344,75.673,26.729,27.366,33.325,91.863,27.765,104.273,49.277,31.356,65.918,46.87,99.995,126.777,88.922,31.456,41.242,66.515,101.934,13.282,10.576,95.964,71.17,30.133,121.212,97.239,129.896,74.479,87.29,70.724,56.19,109.702,17.546, 
Quinceo,110.985,84.178,70.17,80.813,52.757,36.638,129.325,112.038,0,4.514,122.178,123.917,49.412,45.683,120.732,46.812,96.493,77.91,59.693,137.58,144.383,42.64,45.194,184.289,16.396,9.927,73.93,71.194,36.936,32.995,190.364,134.163,67.016,109.01,118.322,16.295,93.195,133.119,117.857,61.618,114.586,49.816,101.906,69.684,15.289,72.968,26.918,93.144,95.892,34.113,131.243,69.097,119.655,120.292,127.223,127.421,121.664,50.973,112.014,94.093,159.816,140.769,113.664,9.672,55.725,125.355,135.14,65.972,14.384,105.818,105.141,19.909,62.293,77.263,33.358,86.171,23.736,110.037,106.62,48.459,61.321,31.403,111.654, 
Arantepacua,106.471,79.664,65.655,76.298,48.243,32.124,124.811,107.524,4.514,0,117.664,119.403,44.898,49.697,116.218,42.298,91.979,73.396,55.179,133.066,139.869,38.126,40.68,179.775,11.882,5.413,69.416,66.68,40.95,37.009,185.85,129.649,62.502,104.496,113.808,20.309,88.681,128.605,113.343,57.104,110.072,53.83,97.392,65.17,10.775,68.454,22.404,88.63,91.378,38.127,126.729,64.583,115.141,115.778,122.709,122.907,117.15,54.987,107.5,89.579,155.302,136.255,109.15,13.686,47.825,120.841,130.626,61.458,9.87,101.304,100.627,15.395,57.779,72.749,37.372,81.657,27.75,105.523,102.106,43.945,56.807,35.417,107.14, 
Fraccionamiento Puerta del Sol,113.313,101.123,80.336,65.682,82.405,86.115,14.224,29.252,122.178,117.664,0,11.292,79.277,105.988,16.204,85.443,122.925,45.196,66.152,32.371,31.758,86.093,82.791,132.014,108.514,112.573,57.901,70.435,120.322,116.303,138.089,21.538,78.185,21.001,4.879,138.244,119.627,20.494,19.358,101.794,21.314,99.455,26.607,57.936,107.211,82.381,95.374,119.576,31.183,113.475,26.034,95.529,6.212,6.448,14.598,102.325,9.278,114.735,59.739,41.818,47.191,35.559,110.457,137.239,99.384,13.767,22.515,76.977,112.396,23.347,19.545,117.921,81.632,50.955,131.674,107.701,153.656,84.941,107.425,91.546,66.652,120.164,11.257, 
Campestre Tarmbaro,115.052,102.862,77.532,62.878,84.144,87.854,5.028,30.019,123.917,119.403,11.292,0,82.67,109.381,19.597,88.836,118.972,48.589,69.545,23.073,27.804,89.486,86.184,135.407,111.907,115.966,61.294,73.828,123.715,119.696,141.482,10.544,74.232,24.394,10.238,141.637,115.674,16.541,22.751,97.841,24.707,102.848,30,61.329,110.604,85.774,98.767,115.623,34.576,116.868,16.736,91.576,11.571,11.807,10.644,105.718,6.262,118.128,63.132,45.211,43.238,22.412,113.85,140.632,102.777,2.481,11.521,80.37,115.789,26.74,22.938,121.314,85.025,54.348,135.067,111.094,157.049,88.334,103.472,94.939,70.045,123.557,14.65, 
Jarcuaro,87.635,56.367,66.823,77.466,7.225,15.244,86.102,68.815,49.412,44.898,79.277,82.67,0,49.364,77.611,28.099,92.8,34.789,21.999,94.459,101.262,39.312,36.01,141.168,35.425,39.483,29.646,26.91,63.698,50.506,147.243,91.042,52.871,65.889,75.201,75.358,89.502,89.998,74.736,57.925,71.465,42.831,58.785,35.28,34.121,33.882,22.285,89.451,52.771,56.851,88.122,65.404,76.534,77.171,84.102,89.727,78.543,58.111,68.893,50.972,116.695,97.648,80.237,74.353,28.515,82.234,92.019,32.824,39.307,62.697,62.02,44.832,37.479,37.048,75.05,63.548,56.875,72.343,102.927,44.766,17.037,63.54,68.533, 
Ziracuaretiro,102.155,77.584,108.179,118.822,52.712,33.7,112.813,95.526,45.683,49.697,105.988,109.381,49.364,0,103.968,33.087,128.143,61.146,42.929,120.816,127.619,74.29,96.276,167.525,56.158,55.112,58.235,55.499,19.943,15.924,173.6,117.399,104.492,92.246,101.558,37.865,124.845,116.355,101.093,93.268,97.822,9.422,85.142,52.92,54.855,79.467,43.018,124.794,79.128,13.096,114.479,100.747,102.891,103.528,110.459,110.657,104.9,14.356,95.25,77.329,143.052,124.005,100.284,36.86,23.46,108.591,118.376,53.754,60.04,89.054,88.377,66.561,48.569,65.637,31.295,72.447,53.277,93.273,154.589,80.109,45.626,19.785,94.89, 
Puerto de Buenavista (Lzaro Crdenas),111.866,99.677,66.8,74.487,80.959,84.669,23.029,26.833,120.732,116.218,16.204,19.597,77.611,103.968,0,84.99,129.227,44.743,65.699,31.279,38.06,87.554,84.252,131.561,108.061,112.12,59.362,69.982,119.869,115.85,137.636,27.84,84.487,22.462,13.86,137.791,125.929,26.796,14.679,108.096,22.775,99.002,28.068,57.483,106.758,83.842,94.921,125.878,32.644,113.022,21.658,101.831,15.193,15.83,20.9,101.872,12.078,114.282,59.286,41.365,53.493,31.183,110.004,136.786,98.931,15.769,28.817,76.524,111.943,24.808,19.092,117.468,81.179,52.416,131.221,107.248,153.203,84.488,113.727,93.007,66.199,119.711,10.804, 
Zirahun,64.239,37.432,86.914,97.557,31.447,10.749,92.268,74.981,46.812,42.298,85.443,88.836,28.099,33.087,84.99,0,104.879,40.852,22.635,100.522,107.325,51.026,74.912,120.825,32.894,36.953,36.871,34.135,47.039,45.754,126.901,97.105,83.128,71.952,81.264,64.961,101.581,96.061,80.799,70.004,77.528,26.172,64.848,32.626,31.591,58.103,19.754,101.53,58.834,40.192,94.185,77.483,82.597,83.234,90.165,76.85,84.606,41.452,74.956,57.035,122.758,103.711,66.987,63.956,23.764,88.297,98.082,19.295,36.776,68.76,68.083,42.301,15.616,44.273,58.391,39.494,54.344,59.466,115.006,56.845,24.262,46.881,74.596, 
Galeana,183.445,152.177,71.801,60.225,85.568,94.637,116.27,103.069,96.493,91.979,122.925,118.972,92.8,128.143,129.227,104.879,0,115.458,117.248,154.751,69.754,54.945,56.772,218.1,85.997,95.039,94.768,108.024,155.873,151.932,224.175,114.006,71.089,109.95,120.737,135.233,20.127,102.958,133.25,36.356,105.951,146.374,95.344,124.048,94.985,84.546,85.008,30.353,99.92,153.05,148.414,28.955,122.07,122.306,114.042,184.976,121.047,161.654,145.825,127.904,55.678,129.676,175.486,128.609,110.03,120.962,122.686,128.073,82.082,99.256,111.577,85.378,132.728,88.842,152.296,158.797,111.303,167.592,11.883,48.465,111.792,150.34,125.149, 
Huiramba,88.124,56.855,70.731,61.944,38.137,41.847,52.021,34.734,77.91,73.396,45.196,48.589,34.789,61.146,44.743,40.852,115.458,0,25.375,60.324,67.127,61.999,58.697,107.033,67.737,71.796,32.395,29.658,79.545,75.526,113.108,56.907,66.913,31.754,41.066,97.467,112.188,55.863,40.601,80.611,37.33,58.678,24.65,17.159,66.434,58.287,54.597,112.137,18.636,72.698,53.987,88.09,42.399,43.036,49.967,77.344,44.408,73.958,34.758,16.837,82.56,63.513,85.476,96.462,58.607,48.099,57.884,36.2,71.619,28.562,27.885,77.144,40.855,26.861,90.897,66.924,112.879,59.96,102.569,67.452,25.875,79.387,34.398, 
Colonia Vista Bella (Lomas del Peaje),65.49,34.221,72.52,82.901,25.347,23.63,72.977,55.69,59.693,55.179,66.152,69.545,21.999,42.929,65.699,22.635,117.248,25.375,0,82.304,89.107,64.467,61.165,129.013,45.889,49.948,23.124,20.388,57.696,53.678,135.088,78.887,69.381,53.734,63.046,75.618,114.657,77.843,62.581,83.08,59.31,36.829,46.63,10.131,44.586,60.755,32.749,114.606,40.616,50.85,75.967,90.559,64.379,65.016,71.947,67.728,66.388,52.11,56.738,38.817,104.54,85.493,58.238,74.613,36.759,70.079,79.864,10.825,49.771,50.542,49.865,55.296,15.48,30.526,69.049,41.549,91.03,50.344,119.478,69.921,5.603,57.539,56.378, 
Zurumbeneo,128.714,116.525,113.796,99.142,97.807,101.517,27.292,43.681,137.58,133.066,32.371,23.073,94.459,120.816,31.279,100.522,154.751,60.324,82.304,0,51.339,100.833,97.531,144.841,121.341,125.4,72.641,83.262,133.149,129.13,150.916,41.119,97.766,35.741,27.139,151.071,139.208,40.075,27.958,121.375,36.054,112.282,41.347,70.763,120.038,97.121,108.201,139.157,45.923,126.302,6.337,115.11,28.472,29.109,34.179,115.152,19.114,127.562,72.566,54.645,66.772,17.173,123.284,150.066,112.211,21.322,24.768,89.804,125.223,38.087,32.372,130.748,94.459,65.695,144.501,120.528,166.483,97.768,127.006,106.286,79.479,132.991,24.084, 
Copndaro de Galeana,135.518,123.328,66.657,52.003,104.61,108.32,25.102,50.485,144.383,139.869,31.758,27.804,101.262,127.619,38.06,107.325,69.754,67.127,89.107,51.339,0,87.124,83.822,154.257,130.757,134.816,80.143,92.678,142.565,138.546,160.332,22.357,62.876,43.243,29.088,160.487,104.318,11.308,41.601,86.485,43.556,121.698,48.849,80.179,129.454,98.116,117.617,104.267,53.425,135.718,58.537,80.22,30.421,30.657,22.393,124.568,29.398,136.978,81.982,64.061,29.925,39.799,132.7,159.482,121.627,29.313,32.809,99.22,114.521,45.589,41.788,117.817,103.875,73.197,153.917,129.944,151.75,107.184,59.364,98.594,88.895,142.407,33.5, 
Naranja de Tapia,129.957,98.689,28.827,39.47,32.08,40.784,92.918,65.271,42.64,38.126,86.093,89.486,39.312,74.29,87.554,51.026,54.945,61.999,64.467,100.833,87.124,0,2.617,163.945,32.456,41.499,40.613,53.869,110.706,78.48,170.02,97.971,24.439,75.578,82.34,90.066,51.7,84.699,84.572,20.123,71.579,92.219,60.972,69.893,41.444,30.391,31.467,51.649,54.958,106.239,94.675,27.602,83.673,84.31,91.031,130.821,85.096,107.499,91.67,73.749,81.053,104.201,121.331,83.442,56.489,90.2,98.948,73.918,28.542,64.884,77.206,31.838,78.573,34.687,107.129,104.642,66.136,113.437,65.125,6.964,57.637,105.173,74.49, 
Tirndaro,126.655,95.387,25.525,36.168,28.778,43.338,89.616,61.969,45.194,40.68,82.791,86.184,36.01,96.276,84.252,74.912,56.772,58.697,61.165,97.531,83.822,2.617,0,161.328,34.613,43.656,37.995,51.251,110.468,80.637,167.403,95.354,21.822,72.961,79.723,91.857,53.491,82.082,81.955,21.914,68.962,89.601,58.355,67.275,43.601,27.774,33.624,53.44,52.341,103.621,92.058,29.393,81.056,81.693,88.414,128.203,82.479,104.881,89.053,71.132,78.436,101.584,118.713,85.233,58.646,87.583,96.331,71.3,30.699,62.267,74.589,33.995,75.955,32.07,108.92,102.024,67.927,110.819,66.916,8.755,55.019,106.964,71.873, 
Nocuptaro de Morelos,84.951,77.943,173.373,166.686,144.516,148.226,138.839,121.552,184.289,179.775,132.014,135.407,141.168,167.525,131.561,120.825,218.1,107.033,129.013,144.841,154.257,163.945,161.328,0,176.158,180.217,140.816,138.079,187.966,183.947,6.507,149.225,175.29,124.071,133.384,205.888,220.565,148.181,132.918,188.988,129.647,167.099,133.027,125.579,174.855,166.664,163.018,220.514,127.013,181.119,146.304,196.467,134.717,135.354,142.285,73.597,136.725,182.379,78.274,96.688,174.878,155.83,81.729,204.883,167.028,140.416,150.202,107.185,180.04,131.679,120.202,185.565,112.817,135.238,199.318,98.219,221.3,64.232,235.112,175.829,134.296,187.808,126.716, 
Sevina,96.999,70.192,60.138,70.781,30.836,22.653,115.339,98.052,16.396,11.882,108.514,111.907,35.425,56.158,108.061,32.894,85.997,67.737,45.889,121.341,130.757,32.456,34.613,176.158,0,15.407,59.563,56.827,52.832,59.963,175.997,119.796,55.39,94.643,103.955,32.191,81.569,118.752,103.49,49.992,100.219,48.863,87.539,55.317,9.525,61.342,12.95,81.518,81.525,50.009,116.876,57.471,105.288,105.925,112.856,113.054,107.297,64.143,97.647,79.726,145.449,126.402,99.297,25.568,37.972,110.988,120.773,51.605,3.847,91.451,90.774,9.372,47.926,66.965,49.254,71.804,21.415,95.67,94.994,36.833,46.954,47.299,97.287, 
Turcuaro,101.058,74.251,69.181,79.824,42.83,26.711,119.398,102.111,9.927,5.413,112.573,115.966,39.483,55.112,112.12,36.953,95.039,71.796,49.948,125.4,134.816,41.499,43.656,180.217,15.407,0,64.003,61.267,46.363,42.422,180.437,124.236,66.028,99.083,108.395,25.722,92.207,123.192,107.93,60.63,104.659,53.303,91.979,59.757,5.362,71.98,16.991,92.156,85.965,43.54,121.316,68.109,109.728,110.365,117.296,117.494,111.737,60.4,102.087,84.166,149.889,130.842,103.737,19.099,42.412,115.428,125.213,56.045,13.396,95.891,95.214,18.921,52.366,71.405,42.785,76.244,33.163,100.11,105.632,47.471,51.394,40.83,101.727, 
Tzintzuntzan,88.614,57.346,50.04,60.683,32.994,37.867,64.726,37.079,73.93,69.416,57.901,61.294,29.646,58.235,59.362,36.871,94.768,32.395,23.124,72.641,80.143,40.613,37.995,140.816,59.563,64.003,0,13.21,72.427,72.761,141.197,70.464,46.211,48.071,54.833,90.349,91.487,69.421,57.065,59.91,44.072,51.56,33.465,29.234,58.597,37.585,46.76,91.436,27.451,65.58,67.168,67.389,56.166,56.803,63.524,90.162,57.589,66.84,62.847,44.926,96.118,76.694,80.672,89.344,50.77,62.693,71.441,33.259,63.782,37.377,49.699,69.307,37.914,7.356,83.779,63.983,105.761,72.778,96.308,46.751,16.978,72.269,46.983, 
Ihuatzio,85.878,54.61,63.296,73.939,30.258,35.131,77.26,50.335,71.194,66.68,70.435,73.828,26.91,55.499,69.982,34.135,108.024,29.658,20.388,83.262,92.678,53.869,51.251,138.079,56.827,61.267,13.21,0,69.691,70.025,138.461,82.26,59.467,57.107,66.419,87.613,104.743,81.216,65.954,73.166,57.328,48.824,46.721,26.498,55.861,50.841,44.024,104.692,40.707,62.844,79.34,80.645,67.752,68.389,75.32,87.426,69.761,64.104,60.111,42.19,107.913,88.866,77.936,86.608,48.034,73.452,83.237,30.523,61.046,50.633,53.238,66.571,35.178,20.612,81.043,61.247,103.025,70.042,109.564,60.007,14.242,69.533,59.751, 
Santa Rosa (Santa Brbara),113.283,91.917,122.513,133.156,67.046,47.049,127.147,109.86,36.936,40.95,120.322,123.715,63.698,19.943,119.869,47.039,155.873,79.545,57.696,133.149,142.565,110.706,110.468,187.966,52.832,46.363,72.427,69.691,0,8.893,188.046,131.845,118.938,106.692,116.004,29.007,152.57,130.801,115.539,120.993,112.268,23.867,99.588,67.365,51.616,93.913,55.82,152.519,93.574,8.954,128.925,128.472,117.337,117.974,124.905,125.102,119.346,25.024,109.696,91.775,157.498,138.451,110.952,28.002,31.624,123.037,132.822,68.199,61.344,103.5,102.823,57.703,63.015,80.083,17.758,86.893,44.419,107.718,165.995,107.834,60.072,8.415,109.336, 
Toreo Bajo (El Toreo Bajo),109.265,83.052,122.847,133.49,53.853,38.267,123.128,105.841,32.995,37.009,116.303,119.696,50.506,15.924,115.85,45.754,151.932,75.526,53.678,129.13,138.546,78.48,80.637,183.947,59.963,42.422,72.761,70.025,8.893,0,186.118,129.917,119.061,104.764,114.076,25.129,148.692,128.873,113.611,117.115,110.34,18.886,97.66,65.437,47.738,80.511,47.203,148.641,91.646,3.607,126.997,124.594,115.409,116.046,122.977,123.174,117.418,23.096,107.768,89.847,155.57,136.523,109.024,24.124,23.007,121.109,130.894,66.271,57.466,101.572,100.895,53.825,61.167,80.206,20.488,85.045,40.541,105.79,162.117,103.956,60.195,8.978,107.408, 
Carcuaro de Morelos,91.026,84.018,179.448,172.761,150.591,154.301,144.914,127.627,190.364,185.85,138.089,141.482,147.243,173.6,137.636,126.901,224.175,113.108,135.088,150.916,160.332,170.02,167.403,6.507,175.997,180.437,141.197,138.461,188.046,186.118,0,155.3,181.365,130.146,139.459,211.963,226.64,154.256,138.993,195.063,135.722,173.174,139.102,131.654,180.93,172.739,169.093,226.589,133.088,187.194,152.379,202.542,140.792,141.429,148.36,79.672,142.8,188.454,84.349,102.763,180.953,161.905,87.804,210.958,173.103,146.491,156.277,113.261,186.115,137.754,126.277,191.64,118.893,141.313,205.393,104.294,227.375,70.307,241.187,181.904,140.371,193.883,132.791, 
Tjaro de los Izquierdo,125.298,113.108,73.051,58.397,94.39,98.1,5.595,40.265,134.163,129.649,21.538,10.544,91.042,117.399,27.84,97.105,114.006,56.907,78.887,41.119,22.357,97.971,95.354,149.225,119.796,124.236,70.464,82.26,131.845,129.917,155.3,0,66.367,33.532,19.376,150.775,107.809,8.676,31.889,89.976,33.845,111.986,39.138,70.467,119.742,94.912,107.905,107.758,43.714,126.006,26.661,83.711,20.709,20.945,19.782,114.856,16.181,127.266,72.27,54.349,35.373,22.874,122.988,149.77,111.915,12.406,11.983,89.508,124.927,35.878,32.076,130.452,94.163,63.486,144.205,120.232,166.187,97.472,95.607,102.085,79.183,132.695,23.788, 
Coeneo de la Libertad,134.871,103.603,6.097,15.222,45.122,65.16,71.53,70.185,67.016,62.502,78.185,74.232,52.871,104.492,84.487,83.128,71.089,66.913,69.381,97.766,62.876,24.439,21.822,175.29,55.39,66.028,46.211,59.467,118.938,119.061,181.365,66.367,0,61.081,78.722,112.999,67.443,60.943,70.075,49.61,57.082,97.262,46.475,74.936,64.742,35.435,54.765,67.392,60.002,111.282,106.399,43.345,80.055,80.291,72.027,135.864,79.032,112.542,96.714,78.793,57.297,87.661,126.374,106.375,96.472,78.947,80.671,78.961,51.84,50.387,62.708,55.136,83.616,39.731,130.062,109.685,89.069,118.48,50.78,29.897,62.68,117.971,59.992, 
San Antonio,100.144,87.955,58.215,54.083,69.237,72.947,27.826,14.987,109.01,104.496,21.001,24.394,65.889,92.246,22.462,71.952,109.95,31.754,53.734,35.741,43.243,75.578,72.961,124.071,94.643,99.083,48.071,57.107,106.692,104.764,130.146,33.532,61.081,0,17.571,124.757,105.949,32.159,19.739,93.812,10.422,85.968,15.715,44.449,93.724,71.488,81.887,105.898,20.291,99.988,29.906,81.851,18.904,19.541,26.262,88.838,20.327,101.248,46.252,28.331,58.856,39.432,96.97,123.752,85.897,25.431,34.179,63.49,98.909,12.454,7.987,104.434,68.145,40.062,118.187,94.214,140.169,71.454,93.468,80.653,53.165,106.677,9.721, 
Real Hacienda (Metrpolis),109.457,97.267,79.782,65.128,78.549,82.259,13.67,25.396,118.322,113.808,4.879,10.238,75.201,101.558,13.86,81.264,120.737,41.066,63.046,27.139,29.088,82.34,79.723,133.384,103.955,108.395,54.833,66.419,116.004,114.076,139.459,19.376,78.722,17.571,0,138.561,119.944,20.811,19.675,102.111,17.019,99.772,22.312,58.253,107.528,78.086,95.691,119.893,26.888,113.792,24.122,95.846,1.184,2.464,14.915,102.642,9.595,115.052,60.056,42.135,47.508,33.647,110.774,137.556,99.701,14.084,22.832,77.294,112.713,19.052,19.862,118.238,81.949,46.66,131.991,108.018,153.973,85.258,107.742,87.251,66.969,120.481,7.915, 
San Lorenzo,131.205,109.839,117.383,128.026,78.705,63.119,145.069,127.782,16.295,20.309,138.244,141.637,75.358,37.865,137.791,64.961,135.233,97.467,75.618,151.071,160.487,90.066,91.857,205.888,32.191,25.722,90.349,87.613,29.007,25.129,211.963,150.775,112.999,124.757,138.561,0,132.038,148.931,133.669,100.461,130.398,41.997,117.718,85.495,31.084,119.612,42.713,131.987,111.704,26.294,147.055,107.94,135.467,136.104,143.035,143.232,137.476,43.154,127.826,109.905,175.628,156.581,129.082,7.47,47.906,141.167,150.952,86.329,40.813,121.63,120.953,37.172,81.145,98.213,25.539,105.023,23.887,125.848,145.463,87.302,78.202,23.584,127.466, 
Villachuato,180.147,148.879,68.503,56.927,82.27,91.339,112.972,99.771,93.195,88.681,119.627,115.674,89.502,124.845,125.929,101.581,20.127,112.188,114.657,139.208,104.318,51.7,53.491,220.565,81.569,92.207,91.487,104.743,152.57,148.692,226.64,107.809,67.443,105.949,119.944,132.038,0,99.678,129.97,33.077,102.671,143.095,92.064,120.769,91.706,81.267,81.729,10.304,96.64,149.771,145.134,25.675,118.79,119.026,110.762,181.697,117.767,158.375,142.546,124.625,60.126,126.396,172.207,125.33,106.751,117.682,119.406,124.794,78.803,95.976,108.297,82.099,129.449,85.563,149.017,155.518,108.024,164.313,16.331,45.186,108.513,147.061,121.869, 
Cuto del Porvenir,124.254,112.064,62.003,47.349,93.346,97.056,13.839,39.221,133.119,128.605,20.494,16.541,89.998,116.355,26.796,96.061,102.958,55.863,77.843,40.075,11.308,84.699,82.082,148.181,118.752,123.192,69.421,81.216,130.801,128.873,154.256,8.676,60.943,32.159,20.811,148.931,99.678,0,33.426,81.3,35.382,113.523,40.675,72.004,121.279,92.931,109.442,99.082,45.251,127.543,53.371,75.035,22.246,22.482,14.218,116.393,21.223,128.803,73.807,55.886,26.697,34.633,124.525,151.307,113.452,21.138,27.643,91.045,109.336,37.415,33.613,112.632,95.7,65.023,145.742,121.769,146.565,99.009,86.931,93.409,80.72,134.232,25.325, 
Jess del Monte (La Capilla),108.991,96.802,67.209,77.641,78.084,81.794,26.183,23.958,117.857,113.343,19.358,22.751,74.736,101.093,14.679,80.799,133.25,40.601,62.581,27.958,41.601,84.572,81.955,132.918,103.49,107.93,57.065,65.954,115.539,113.611,138.993,31.889,70.075,19.739,19.675,133.669,129.97,33.426,0,103.643,20.252,96.305,25.545,54.786,104.061,81.319,92.224,129.884,30.121,110.325,27.357,105.837,18.561,19.198,24.906,99.175,17.778,111.585,56.589,38.668,57.499,36.883,107.307,134.089,96.234,21.469,32.823,73.827,109.246,22.285,16.395,114.771,78.482,49.893,128.524,104.551,150.506,81.791,117.733,90.484,63.502,117.014,11.459, 
Villa Jimnez,148.57,117.302,50.67,39.094,50.693,59.762,95.139,83.883,61.618,57.104,101.794,97.841,57.925,93.268,108.096,70.004,36.356,80.611,83.08,121.375,86.485,20.123,21.914,188.988,49.992,60.63,59.91,73.166,120.993,117.115,195.063,89.976,49.61,93.812,102.111,100.461,33.077,81.3,103.643,0,92.229,112.869,81.622,90.543,61.48,51.041,51.503,34.377,75.608,119.545,127.736,10.33,101.393,101.629,93.365,151.471,100.37,128.149,112.32,94.399,101.64,108.998,141.981,95.104,76.525,100.285,102.008,94.568,48.577,85.534,97.856,51.873,99.223,55.337,118.791,125.292,77.798,134.087,47.853,14.96,78.287,116.835,104.472, 
Villas de la Loma,105.72,93.531,54.216,50.084,67.321,78.523,28.139,11.881,114.586,110.072,21.314,24.707,71.465,97.822,22.775,77.528,105.951,37.33,59.31,36.054,43.556,71.579,68.962,129.647,100.219,104.659,44.072,57.328,112.268,110.34,135.722,33.845,57.082,10.422,17.019,130.398,102.671,35.382,20.252,92.229,0,82.27,5.543,40.75,90.026,61.316,78.189,95.726,10.119,96.29,34.09,71.679,23.088,23.725,30.446,97.908,24.511,97.55,55.322,37.401,63.04,43.616,106.04,120.054,82.199,29.615,38.363,59.792,95.211,2.283,16.621,95.721,64.447,29.89,114.489,90.516,129.653,80.524,83.296,70.481,49.467,102.979,13.905, 
San ngel Zurumucapio,90.277,71.05,101.646,112.289,46.179,27.167,106.28,88.993,49.816,53.83,99.455,102.848,42.831,9.422,99.002,26.172,146.374,58.678,36.829,112.282,121.698,92.219,89.601,167.099,48.863,53.303,51.56,48.824,23.867,18.886,173.174,111.986,97.262,85.968,99.772,41.997,143.095,113.523,96.305,112.869,82.27,0,79.016,46.794,48.729,73.341,36.892,118.668,73.002,16.693,108.353,94.621,96.765,97.402,104.333,104.531,98.774,17.953,89.124,71.203,136.926,117.879,93.814,40.456,15.642,102.465,112.25,47.628,53.914,82.928,82.251,70.157,42.443,59.511,34.892,66.321,56.873,87.147,148.463,73.983,39.5,23.382,88.764, 
Villa Magna,112.12,80.851,43.609,39.477,56.714,65.843,33.432,9.371,101.906,97.392,26.607,30,58.785,85.142,28.068,64.848,95.344,24.65,46.63,41.347,48.849,60.972,58.355,133.027,87.539,91.979,33.465,46.721,99.588,97.66,139.102,39.138,46.475,15.715,22.312,117.718,92.064,40.675,25.545,81.622,5.543,79.016,0,40.789,90.065,61.355,78.228,95.765,10.158,96.329,33.702,71.718,22.7,23.337,30.058,97.52,24.123,97.589,54.934,37.013,62.652,43.228,105.652,120.093,82.238,29.227,37.975,59.831,95.25,3.912,16.233,95.76,64.486,29.929,114.528,90.555,129.692,80.136,83.335,70.52,49.506,103.018,13.517, 
Cuanajo,75.62,44.352,79.32,74.684,38.628,33.621,64.761,47.474,69.684,65.17,57.936,61.329,35.28,52.92,57.483,32.626,124.048,17.159,10.131,70.763,80.179,69.893,67.275,125.579,55.317,59.757,29.234,26.498,67.365,65.437,131.654,70.467,74.936,44.449,58.253,85.495,120.769,72.004,54.786,90.543,40.75,46.794,40.789,0,53.432,67.012,41.595,120.863,30.745,59.696,66.095,96.816,54.508,55.145,62.076,79.826,56.516,60.956,46.866,28.945,94.669,75.621,70.335,83.459,45.605,60.207,69.993,22.923,58.617,40.671,39.993,64.142,27.578,36.783,77.895,53.647,99.876,62.442,114.678,76.178,14.448,66.385,46.507, 
Comachun,95.696,68.889,69.126,79.769,37.468,21.349,114.036,96.749,15.289,10.775,107.211,110.604,34.121,54.855,106.758,31.591,94.985,66.434,44.586,120.038,129.454,41.444,43.601,174.855,9.525,5.362,58.597,55.861,51.616,47.738,180.93,119.742,64.742,93.724,107.528,31.084,91.706,121.279,104.061,61.48,90.026,48.729,90.065,53.432,0,70.943,11.629,91.119,80.603,48.902,115.954,67.072,104.366,105.003,111.934,112.132,106.375,63.221,96.725,78.804,144.527,125.48,98.375,24.461,37.05,110.066,119.851,50.683,13.144,90.529,89.852,18.669,47.004,66.043,48.147,70.882,38.525,94.748,104.595,46.434,46.032,46.192,96.365, 
Santa Fe de la Laguna,126.245,94.977,39.819,50.462,26.133,45.248,89.206,61.559,72.968,68.454,82.381,85.774,33.882,79.467,83.842,58.103,84.546,58.287,60.755,97.121,98.116,30.391,27.774,166.664,61.342,71.98,37.585,50.841,93.913,80.511,172.739,94.912,35.435,71.488,78.086,119.612,81.267,92.931,81.319,51.041,61.316,73.341,61.355,67.012,70.943,0,57.298,82.444,24.837,76.118,64.554,58.397,53.552,54.189,60.91,100.7,54.975,77.378,61.549,43.628,93.504,74.08,91.21,99.882,61.308,60.079,68.827,43.797,59.702,34.763,47.085,62.998,48.452,4.566,94.317,74.521,96.931,83.316,87.317,37.759,27.516,82.807,44.369, 
San Francisco Pichtaro,83.859,57.052,59.149,69.792,25.632,9.513,102.199,84.912,26.918,22.404,95.374,98.767,22.285,43.018,94.921,19.754,85.008,54.597,32.749,108.201,117.617,31.467,33.624,163.018,12.95,16.991,46.76,44.024,55.82,47.203,169.093,107.905,54.765,81.887,95.691,42.713,81.729,109.442,92.224,51.503,78.189,36.892,78.228,41.595,11.629,57.298,0,82.001,69.09,50.448,104.441,57.954,92.853,93.49,100.421,100.619,94.862,51.708,85.212,67.291,133.014,113.967,86.862,36.09,25.537,98.553,108.338,39.17,17.255,79.016,78.339,22.78,35.491,54.53,67.739,59.369,34.823,83.235,95.477,37.316,34.519,56.229,84.852, 
Angamacutiro de la Unin,180.096,148.828,68.452,56.876,82.219,91.288,112.921,99.72,93.144,88.63,119.576,115.623,89.451,124.794,125.878,101.53,30.353,112.137,114.606,139.157,104.267,51.649,53.44,220.514,81.518,92.156,91.436,104.692,152.519,148.641,226.589,107.758,67.392,105.898,119.893,131.987,10.304,99.082,129.884,34.377,95.726,118.668,95.765,120.863,91.119,82.444,82.001,0,95.631,148.761,144.125,24.666,117.781,118.017,109.753,180.687,116.758,157.365,141.536,123.615,69.394,125.387,171.197,124.32,105.741,116.673,118.397,123.784,77.793,94.967,107.288,81.089,128.439,84.553,148.007,154.508,107.014,163.303,25.599,44.176,107.503,146.051,120.86, 
Capula,106.106,74.837,64.386,44.053,50.7,59.829,38.008,10.361,95.892,91.378,31.183,34.576,52.771,79.128,32.644,58.834,99.92,18.636,40.616,45.923,53.425,54.958,52.341,127.013,81.525,85.965,27.451,40.707,93.574,91.646,133.088,43.714,60.002,20.291,26.888,111.704,96.64,45.251,30.121,75.608,10.119,73.002,10.158,30.745,80.603,24.837,69.09,95.631,0,86.905,40.469,66.423,29.467,30.104,36.825,91.578,30.89,88.165,48.992,31.071,69.419,49.995,97.82,110.669,72.814,35.994,44.742,50.407,85.826,10.678,23,86.336,55.062,20.505,105.104,81.131,120.268,74.194,78.04,61.096,40.082,93.594,20.284, 
Caltzontzin,106.437,85.071,115.666,126.309,60.199,41.187,120.3,103.013,34.113,38.127,113.475,116.868,56.851,13.096,113.022,40.192,153.05,72.698,50.85,126.302,135.718,106.239,103.621,181.119,50.009,43.54,65.58,62.844,8.954,3.607,187.194,126.006,111.282,99.988,113.792,26.294,149.771,127.543,110.325,119.545,96.29,16.693,96.329,59.696,48.902,76.118,50.448,148.761,86.905,0,122.308,125.703,110.72,111.357,118.288,118.486,112.729,18.407,103.079,85.158,150.881,131.834,104.335,25.233,26.329,116.42,126.205,61.583,58.575,96.883,96.206,54.934,56.398,73.466,20.481,80.276,41.65,101.102,163.226,105.065,53.455,8.971,102.719, 
Charo,122.377,110.188,107.459,92.805,91.47,95.18,20.955,37.344,131.243,126.729,26.034,16.736,88.122,114.479,21.658,94.185,148.414,53.987,75.967,6.337,58.537,94.675,92.058,146.304,116.876,121.316,67.168,79.34,128.925,126.997,152.379,26.661,106.399,29.906,24.122,147.055,145.134,53.371,27.357,127.736,34.09,108.353,33.702,66.095,115.954,64.554,104.441,144.125,40.469,122.308,0,118.399,24.98,25.617,28.843,111.831,12.777,124.241,69.245,51.324,70.26,10.836,119.963,146.745,108.89,14.985,18.431,86.483,121.902,32.598,29.051,127.427,91.138,60.206,141.18,117.207,163.162,94.447,130.295,100.797,76.158,129.67,20.763, 
Panindcuaro,156.049,124.781,44.405,32.829,58.172,67.241,88.874,75.673,69.097,64.583,95.529,91.576,65.404,100.747,101.831,77.483,28.955,88.09,90.559,115.11,80.22,27.602,29.393,196.467,57.471,68.109,67.389,80.645,128.472,124.594,202.542,83.711,43.345,81.851,95.846,107.94,25.675,75.035,105.837,10.33,71.679,94.621,71.718,96.816,67.072,58.397,57.954,24.666,66.423,125.703,118.399,0,94.695,94.931,86.667,157.601,93.672,134.279,118.45,100.529,94.942,102.301,148.111,101.234,82.655,93.587,95.311,100.698,54.707,71.881,84.202,58.003,105.353,61.467,124.921,131.422,83.928,140.217,39.103,21.09,84.417,122.965,97.774, 
Fraccionamiento Metrpolis II,110.79,98.6,81.115,66.461,79.882,83.592,15.003,26.729,119.655,115.141,6.212,11.571,76.534,102.891,15.193,82.597,122.07,42.399,64.379,28.472,30.421,83.673,81.056,134.717,105.288,109.728,56.166,67.752,117.337,115.409,140.792,20.709,80.055,18.904,1.184,135.467,118.79,22.246,18.561,101.393,23.088,96.765,22.7,54.508,104.366,53.552,92.853,117.781,29.467,110.72,24.98,94.695,0,1.414,17.682,100.168,12.362,112.578,57.582,39.661,50.275,35.072,108.3,135.082,97.227,16.851,25.599,74.82,110.239,20.477,17.388,115.764,79.475,48.085,129.517,105.544,151.499,82.784,79.104,88.676,64.495,118.007,9.34, 
Fraccionamiento Galaxia Tarmbaro,111.427,99.237,81.351,66.697,80.519,84.229,15.239,27.366,120.292,115.778,6.448,11.807,77.171,103.528,15.83,83.234,122.306,43.036,65.016,29.109,30.657,84.31,81.693,135.354,105.925,110.365,56.803,68.389,117.974,116.046,141.429,20.945,80.291,19.541,2.464,136.104,119.026,22.482,19.198,101.629,23.725,97.402,23.337,55.145,105.003,54.189,93.49,118.017,30.104,111.357,25.617,94.931,1.414,0,16.474,104.201,11.154,116.611,61.615,43.694,49.067,35.281,112.333,139.115,101.26,15.643,24.391,78.853,114.272,20.686,21.421,119.797,83.508,48.294,133.55,109.577,155.532,86.817,109.301,88.885,68.528,122.04,9.549, 
Tarmbaro,118.358,106.168,73.087,58.433,87.45,91.16,14.076,33.325,127.223,122.709,14.598,10.644,84.102,110.459,20.9,90.165,114.042,49.967,71.947,34.179,22.393,91.031,88.414,142.285,112.856,117.296,63.524,75.32,124.905,122.977,148.36,19.782,72.027,26.262,14.915,143.035,110.762,14.218,24.906,93.365,30.446,104.333,30.058,62.076,111.934,60.91,100.421,109.753,36.825,118.288,28.843,86.667,17.682,16.474,0,106.303,11.133,118.713,63.717,45.796,37.774,30.688,114.435,141.217,103.362,11.048,19.796,80.955,116.374,27.325,23.523,121.899,85.61,54.933,135.652,111.679,157.634,88.919,98.008,95.524,70.63,124.142,15.235, 
Pedernales,11.666,26.4,140.248,136.997,93.075,91.358,109.15,91.863,127.421,122.907,102.325,105.718,89.727,110.657,101.872,76.85,184.976,77.344,67.728,115.152,124.568,130.821,128.203,73.597,113.054,117.494,90.162,87.426,125.102,123.174,79.672,114.856,135.864,88.838,102.642,143.232,181.697,116.393,99.175,151.471,97.908,104.531,97.52,79.826,112.132,100.7,100.619,180.687,91.578,118.486,111.831,157.601,100.168,104.201,106.303,0,102.016,99.16,53.737,61.979,140.169,121.121,9.017,142.846,104.992,105.707,115.493,58.565,118.004,96.97,85.493,123.529,49.274,98.759,137.282,41.766,159.263,17.442,200.403,138.154,73.836,125.772,92.007, 
La Aldea,112.798,100.609,80.092,65.438,81.891,85.601,10.475,27.765,121.664,117.15,9.278,6.262,78.543,104.9,12.078,84.606,121.047,44.408,66.388,19.114,29.398,85.096,82.479,136.725,107.297,111.737,57.589,69.761,119.346,117.418,142.8,16.181,79.032,20.327,9.595,137.476,117.767,21.223,17.778,100.37,24.511,98.774,24.123,56.516,106.375,54.975,94.862,116.758,30.89,112.729,12.777,93.672,12.362,11.154,11.133,102.016,0,114.917,59.921,42,45.52,22.362,110.639,137.421,99.566,4.558,17.435,77.159,112.578,23.274,19.727,118.103,81.814,50.882,131.856,107.883,153.838,85.123,105.754,91.473,66.834,120.346,11.439, 
Taretan,92.854,86.331,116.926,127.569,61.459,42.447,121.56,104.273,50.973,54.987,114.735,118.128,58.111,14.356,114.282,41.452,161.654,73.958,52.11,127.562,136.978,107.499,104.881,182.379,64.143,60.4,66.84,64.104,25.024,23.096,188.454,127.266,112.542,101.248,115.052,43.154,158.375,128.803,111.585,128.149,97.55,17.953,97.589,60.956,63.221,77.378,51.708,157.365,88.165,18.407,124.241,134.279,112.578,116.611,118.713,99.16,114.917,0,104.3,86.379,152.102,133.055,90.007,42.384,27.516,117.641,127.426,62.804,75.726,98.104,97.427,72.085,57.619,74.687,36.82,58.753,58.801,102.323,163.639,89.159,54.676,25.31,103.94, 
Villa Madero,64.519,44.197,101.098,94.411,72.241,75.951,66.564,49.277,112.014,107.5,59.739,63.132,68.893,95.25,59.286,74.956,145.825,34.758,56.738,72.566,81.982,91.67,89.053,78.274,97.647,102.087,62.847,60.111,109.696,107.768,84.349,72.27,96.714,46.252,60.056,127.826,142.546,73.807,56.589,112.32,55.322,89.124,54.934,46.866,96.725,61.549,85.212,141.536,48.992,103.079,69.245,118.45,57.582,61.615,63.717,53.737,59.921,104.3,0,19.014,97.204,78.156,61.367,127.209,89.354,62.742,72.528,66.947,102.366,54.005,42.528,107.891,71.602,57.564,121.644,63.816,143.626,35.851,157.438,98.155,56.622,110.134,49.042, 
Acuitzio del Canje,72.761,52.439,83.177,76.49,54.32,58.03,48.643,31.356,94.093,89.579,41.818,45.211,50.972,77.329,41.365,57.035,127.904,16.837,38.817,54.645,64.061,73.749,71.132,96.688,79.726,84.166,44.926,42.19,91.775,89.847,102.763,54.349,78.793,28.331,42.135,109.905,124.625,55.886,38.668,94.399,37.401,71.203,37.013,28.945,78.804,43.628,67.291,123.615,31.071,85.158,51.324,100.529,39.661,43.694,45.796,61.979,42,86.379,19.014,0,79.976,60.928,68.919,109.981,72.126,45.514,55.3,49.719,85.138,36.777,25.3,90.663,54.374,40.336,104.416,80.443,126.398,43.403,140.21,80.927,39.394,92.906,31.814, 
Huandacareo,150.951,138.761,81.362,66.708,120.043,123.753,40.536,65.918,159.816,155.302,47.191,43.238,116.695,143.052,53.493,122.758,55.678,82.56,104.54,66.772,29.925,81.053,78.436,174.878,145.449,149.889,96.118,107.913,157.498,155.57,180.953,35.373,57.297,58.856,47.508,175.628,60.126,26.697,57.499,101.64,63.04,136.926,62.652,94.669,144.527,93.504,133.014,69.394,69.419,150.881,70.26,94.942,50.275,49.067,37.774,140.169,45.52,152.102,97.204,79.976,0,52.417,146.513,173.295,135.44,43.126,45.427,113.033,125.812,59.402,55.601,129.108,117.688,87.01,167.73,143.757,163.041,120.997,45.379,109.885,102.708,156.22,47.313, 
Indaparapeo,131.903,119.714,88.721,74.067,100.996,104.706,17.933,46.87,140.769,136.255,35.559,22.412,97.648,124.005,31.183,103.711,129.676,63.513,85.493,17.173,39.799,104.201,101.584,155.83,126.402,130.842,76.694,88.866,138.451,136.523,161.905,22.874,87.661,39.432,33.647,156.581,126.396,34.633,36.883,108.998,43.616,117.879,43.228,75.621,125.48,74.08,113.967,125.387,49.995,131.834,10.836,102.301,35.072,35.281,30.688,121.121,22.362,133.055,78.156,60.928,52.417,0,129.247,156.029,118.174,24.269,9.906,95.767,131.186,41.882,38.335,136.711,100.422,69.49,150.464,126.491,172.446,103.731,114.419,110.081,85.442,138.954,30.047, 
Puruarn,3.096,28.606,130.758,141.139,83.585,77.601,117.282,99.995,113.664,109.15,110.457,113.85,80.237,100.284,110.004,66.987,175.486,85.476,58.238,123.284,132.7,121.331,118.713,81.729,99.297,103.737,80.672,77.936,110.952,109.024,87.804,122.988,126.374,96.97,110.774,129.082,172.207,124.525,107.307,141.981,106.04,93.814,105.652,70.335,98.375,91.21,86.862,171.197,97.82,104.335,119.963,148.111,108.3,112.333,114.435,9.017,110.639,90.007,61.367,68.919,146.513,129.247,0,127.48,84.76,113.839,123.625,53.038,97.772,105.102,93.625,103.297,47.158,92.907,121.916,33.331,143.897,25.574,181.859,132.302,67.983,110.406,100.139, 
Capcuaro,130.2,108.834,110.759,121.402,77.7,62.114,144.064,126.777,9.672,13.686,137.239,140.632,74.353,36.86,136.786,63.956,128.609,96.462,74.613,150.066,159.482,83.442,85.233,204.883,25.568,19.099,89.344,86.608,28.002,24.124,210.958,149.77,106.375,123.752,137.556,7.47,125.33,151.307,134.089,95.104,120.054,40.456,120.093,83.459,24.461,99.882,36.09,124.32,110.669,25.233,146.745,101.234,135.082,139.115,141.217,142.846,137.421,42.384,127.209,109.981,173.295,156.029,127.48,0,46.527,139.788,149.573,84.95,34.199,120.251,119.574,30.557,79.766,96.834,24.16,103.644,17.273,124.469,138.849,80.688,76.823,22.205,126.087, 
Tingambato,87.869,61.062,100.856,111.499,31.862,16.276,106.209,88.922,55.725,47.825,99.384,102.777,28.515,23.46,98.931,23.764,110.03,58.607,36.759,112.211,121.627,56.489,58.646,167.028,37.972,42.412,50.77,48.034,31.624,23.007,173.103,111.915,96.472,85.897,99.701,47.906,106.751,113.452,96.234,76.525,82.199,15.642,82.238,45.605,37.05,61.308,25.537,105.741,72.814,26.329,108.89,82.655,97.227,101.26,103.362,104.992,99.566,27.516,89.354,72.126,135.44,118.174,84.76,46.527,0,102.238,112.023,42.855,42.234,82.701,82.024,47.759,39.176,58.215,43.218,63.054,63.271,86.92,120.464,62.303,38.204,31.708,88.537, 
Fraccionamiento Misin del Valle,116.489,104.3,80.007,65.353,85.582,89.292,6.7,31.456,125.355,120.841,13.767,2.481,82.234,108.591,15.769,88.297,120.962,48.099,70.079,21.322,29.313,90.2,87.583,140.416,110.988,115.428,62.693,73.452,123.037,121.109,146.491,12.406,78.947,25.431,14.084,141.167,117.682,21.138,21.469,100.285,29.615,102.465,29.227,60.207,110.066,60.079,98.553,116.673,35.994,116.42,14.985,93.587,16.851,15.643,11.048,105.707,4.558,117.641,62.742,45.514,43.126,24.269,113.839,139.788,102.238,0,13.187,82.036,117.455,28.406,24.604,122.98,86.691,56.014,136.733,112.76,158.715,90,105.138,96.605,71.711,125.223,16.316, 
lvaro Obregn,126.275,114.085,81.731,67.077,95.367,99.077,7.042,41.242,135.14,130.626,22.515,11.521,92.019,118.376,28.817,98.082,122.686,57.884,79.864,24.768,32.809,98.948,96.331,150.202,120.773,125.213,71.441,83.237,132.822,130.894,156.277,11.983,80.671,34.179,22.832,150.952,119.406,27.643,32.823,102.008,38.363,112.25,37.975,69.993,119.851,68.827,108.338,118.397,44.742,126.205,18.431,95.311,25.599,24.391,19.796,115.493,17.435,127.426,72.528,55.3,45.427,9.906,123.625,149.573,112.023,13.187,0,90.485,125.904,36.855,33.053,131.429,95.14,64.463,145.182,121.209,167.164,98.449,107.313,113.791,80.16,133.672,24.765, 
Opopeo,56.147,24.688,83.345,93.726,36.172,29.909,83.802,66.515,65.972,61.458,76.977,80.37,32.824,53.754,76.524,19.295,128.073,36.2,10.825,89.804,99.22,73.918,71.3,107.185,51.605,56.045,33.259,30.523,68.199,66.271,113.261,89.508,78.961,63.49,77.294,86.329,124.794,91.045,73.827,94.568,59.792,47.628,59.831,22.923,50.683,43.797,39.17,123.784,50.407,61.583,86.483,100.698,74.82,78.853,80.955,58.565,77.159,62.804,66.947,49.719,113.033,95.767,53.038,84.95,42.855,82.036,90.485,0,60.49,61.261,60.584,66.015,6.176,41.245,79.768,32.245,101.749,40.676,130.197,80.64,16.322,68.258,67.097, 
Nahuatzen,100.881,74.074,56.224,66.867,34.718,26.535,119.221,101.934,14.384,9.87,112.396,115.789,39.307,60.04,111.943,36.776,82.082,71.619,49.771,125.223,114.521,28.542,30.699,180.04,3.847,13.396,63.782,61.046,61.344,57.466,186.115,124.927,51.84,98.909,112.713,40.813,78.803,109.336,109.246,48.577,95.211,53.914,95.25,58.617,13.144,59.702,17.255,77.793,85.826,58.575,121.902,54.707,110.239,114.272,116.374,118.004,112.578,75.726,102.366,85.138,125.812,131.186,97.772,34.199,42.234,117.455,125.904,60.49,0,93.363,95.203,5.809,52.355,63.165,47.243,76.233,17.852,100.099,92.522,34.361,51.383,45.288,101.716, 
Conjunto Habitacional Villas del Pedregal,107.752,84.763,47.521,43.389,60.626,69.755,30.172,13.282,105.818,101.304,23.347,26.74,62.697,89.054,24.808,68.76,99.256,28.562,50.542,38.087,45.589,64.884,62.267,131.679,91.451,95.891,37.377,50.633,103.5,101.572,137.754,35.878,50.387,12.454,19.052,121.63,95.976,37.415,22.285,85.534,2.283,82.928,3.912,40.671,90.529,34.763,79.016,94.967,10.678,96.883,32.598,71.881,20.477,20.686,27.325,96.97,23.274,98.104,54.005,36.777,59.402,41.882,105.102,120.251,82.701,28.406,36.855,61.261,93.363,0,15.558,105.403,76.152,39.572,126.194,102.221,148.176,79.461,92.977,80.163,61.172,114.684,12.842, 
Morelos,96.275,84.086,59.842,55.71,65.368,69.078,26.37,10.576,105.141,100.627,19.545,22.938,62.02,88.377,19.092,68.083,111.577,27.885,49.865,32.372,41.788,77.206,74.589,120.202,90.774,95.214,49.699,53.238,102.823,100.895,126.277,32.076,62.708,7.987,19.862,120.953,108.297,33.613,16.395,97.856,16.621,82.251,16.233,39.993,89.852,47.085,78.339,107.288,23,96.206,29.051,84.202,17.388,21.421,23.523,85.493,19.727,97.427,42.528,25.3,55.601,38.335,93.625,119.574,82.024,24.604,33.053,60.584,95.203,15.558,0,100.565,64.276,42.767,114.318,90.345,136.3,67.585,96.173,83.358,49.296,102.808,8.703, 
Chern,106.406,79.599,59.52,70.163,40.243,32.06,124.746,95.964,19.909,15.395,117.921,121.314,44.832,66.561,117.468,42.301,85.378,77.144,55.296,130.748,117.817,31.838,33.995,185.565,9.372,18.921,69.307,66.571,57.703,53.825,191.64,130.452,55.136,104.434,118.238,37.172,82.099,112.632,114.771,51.873,95.721,70.157,95.76,64.142,18.669,62.998,22.78,81.089,86.336,54.934,127.427,58.003,115.764,119.797,121.899,123.529,118.103,72.085,107.891,90.663,129.108,136.711,103.297,30.557,47.759,122.98,131.429,66.015,5.809,105.403,100.565,0,57.88,66.461,54.36,81.758,13.368,105.624,120.368,62.207,56.908,52.405,107.241, 
Santa Clara del Cobre,50.267,22.855,88,98.381,40.827,26.23,88.457,71.17,62.293,57.779,81.632,85.025,37.479,48.569,81.179,15.616,132.728,40.855,15.48,94.459,103.875,78.573,75.955,112.817,47.926,52.366,37.914,35.178,63.015,61.167,118.893,94.163,83.616,68.145,81.949,81.145,129.449,95.7,78.482,99.223,64.447,42.443,64.486,27.578,47.004,48.452,35.491,128.439,55.062,56.398,91.138,105.353,79.475,83.508,85.61,49.274,81.814,57.619,71.602,54.374,117.688,100.422,47.158,79.766,39.176,86.691,95.14,6.176,52.355,76.152,64.276,57.88,0,45.824,73.639,28.144,69.592,46.126,134.776,85.219,20.901,62.129,71.676, 
Quiroga,96.016,64.748,44.115,54.758,30.429,45.269,57.78,30.133,77.263,72.749,50.955,54.348,37.048,65.637,52.416,44.273,88.842,26.861,30.526,65.695,73.197,34.687,32.07,135.238,66.965,71.405,7.356,20.612,80.083,80.206,141.313,63.486,39.731,40.062,46.66,98.213,85.563,65.023,49.893,55.337,29.89,59.511,29.929,36.783,66.043,4.566,54.53,84.553,20.505,73.466,60.206,61.467,48.085,48.294,54.933,98.759,50.882,74.687,57.564,40.336,87.01,69.49,92.907,96.834,58.215,56.014,64.463,41.245,63.165,39.572,42.767,66.461,45.824,0,93.329,73.533,99.847,82.328,90.232,40.675,26.528,81.819,40.119, 
Nuevo San Juan Parangaricutiro,124.636,103.27,134.446,145.089,78.398,58.478,138.499,121.212,33.358,37.372,131.674,135.067,75.05,31.295,131.221,58.391,152.296,90.897,69.049,144.501,153.917,107.129,108.92,199.318,49.254,42.785,83.779,81.043,17.758,20.488,205.393,144.205,130.062,118.187,131.991,25.539,149.017,145.742,128.524,118.791,114.489,34.892,114.528,77.895,48.147,94.317,67.739,148.007,105.104,20.481,141.18,124.921,129.517,133.55,135.652,137.282,131.856,36.82,121.644,104.416,167.73,150.464,121.916,24.16,43.218,136.733,145.182,79.768,47.243,126.194,114.318,54.36,73.639,93.329,0,98.526,40.692,119.352,162.268,104.107,71.705,13.151,120.969, 
Ario de Rosales,36.44,20.5,114.069,124.45,66.896,50.108,114.526,97.239,86.171,81.657,107.701,111.094,63.548,72.447,107.248,39.494,158.797,66.924,41.549,120.528,129.944,104.642,102.024,98.219,71.804,76.244,63.983,61.247,86.893,85.045,104.294,120.232,109.685,94.214,108.018,105.023,155.518,121.769,104.551,125.292,90.516,66.321,90.555,53.647,70.882,74.521,59.369,154.508,81.131,80.276,117.207,131.422,105.544,109.577,111.679,41.766,107.883,58.753,63.816,80.443,143.757,126.491,33.331,103.644,63.054,112.76,121.209,32.245,76.233,102.221,90.345,81.758,28.144,73.533,98.526,0,94.264,33.831,160.783,111.226,46.908,86.801,97.683, 
Paracho de Verduzco,146.617,125.251,93.453,104.096,52.286,44.103,160.481,129.896,23.736,27.75,153.656,157.049,56.875,53.277,153.203,54.344,111.303,112.879,91.03,166.483,151.75,66.136,67.927,221.3,21.415,33.163,105.761,103.025,44.419,40.541,227.375,166.187,89.069,140.169,153.973,23.887,108.024,146.565,150.506,77.798,129.653,56.873,129.692,99.876,38.525,96.931,34.823,107.014,120.268,41.65,163.162,83.928,151.499,155.532,157.634,159.263,153.838,58.801,143.626,126.398,163.041,172.446,143.897,17.273,63.271,158.715,167.164,101.749,17.852,148.176,136.3,13.368,69.592,99.847,40.692,94.264,0,117.217,122.053,63.892,68.501,39.329,118.834, 
Tacmbaro de Codallos,28.224,13.911,122.864,119.613,75.691,73.974,91.766,74.479,110.037,105.523,84.941,88.334,72.343,93.273,84.488,59.466,167.592,59.96,50.344,97.768,107.184,113.437,110.819,64.232,95.67,100.11,72.778,70.042,107.718,105.79,70.307,97.472,118.48,71.454,85.258,125.848,164.313,99.009,81.791,134.087,80.524,87.147,80.136,62.442,94.748,83.316,83.235,163.303,74.194,101.102,94.447,140.217,82.784,86.817,88.919,17.442,85.123,102.323,35.851,43.403,120.997,103.731,25.574,124.469,86.92,90,98.449,40.676,100.099,79.461,67.585,105.624,46.126,82.328,119.352,33.831,117.217,0,182.511,120.262,55.944,107.88,74.115, 
Purundiro,184.968,153.7,56.022,40.116,95.695,104.764,100.77,87.29,106.62,102.106,107.425,103.472,102.927,154.589,113.727,115.006,11.883,102.569,119.478,127.006,59.364,65.125,66.916,235.112,94.994,105.632,96.308,109.564,165.995,162.117,241.187,95.607,50.78,93.468,107.742,145.463,16.331,86.931,117.733,47.853,83.296,148.463,83.335,114.678,104.595,87.317,95.477,25.599,78.04,163.226,130.295,39.103,79.104,109.301,98.008,200.403,105.754,163.639,157.438,140.21,45.379,114.419,181.859,138.849,120.464,105.138,107.313,130.197,92.522,92.977,96.173,120.368,134.776,90.232,162.268,160.783,122.053,182.511,0,58.419,112.466,160.294,91.486, 
Zacapu,135.411,104.143,34.281,51.203,37.534,46.603,98.371,70.724,48.459,43.945,91.546,94.939,44.766,80.109,93.007,56.845,48.465,67.452,69.921,106.286,98.594,6.964,8.755,175.829,36.833,47.471,46.751,60.007,107.834,103.956,181.904,102.085,29.897,80.653,87.251,87.302,45.186,93.409,90.484,14.96,70.481,73.983,70.52,76.178,46.434,37.759,37.316,44.176,61.096,105.065,100.797,21.09,88.676,88.885,95.524,138.154,91.473,89.159,98.155,80.927,109.885,110.081,132.302,80.688,62.303,96.605,113.791,80.64,34.361,80.163,83.358,62.207,85.219,40.675,104.107,111.226,63.892,120.262,58.419,0,63.638,102.186,80.491, 
Ptzcuaro,71.092,39.824,67.064,77.707,20.385,25.258,73.477,56.19,61.321,56.807,66.652,70.045,17.037,45.626,66.199,24.262,111.792,25.875,5.603,79.479,88.895,57.637,55.019,134.296,46.954,51.394,16.978,14.242,60.072,60.195,140.371,79.183,62.68,53.165,66.969,78.202,108.513,80.72,63.502,78.287,49.467,39.5,49.506,14.448,46.032,27.516,34.519,107.503,40.082,53.455,76.158,84.417,64.495,68.528,70.63,73.836,66.834,54.676,56.622,39.394,102.708,85.442,67.983,76.823,38.204,71.711,80.16,16.322,51.383,61.172,49.296,56.908,20.901,26.528,71.705,46.908,68.501,55.944,112.466,63.638,0,58.689,55.887, 
Uruapan,113.126,91.76,122.355,132.998,66.888,46.968,126.989,109.702,31.403,35.417,120.164,123.557,63.54,19.785,119.711,46.881,150.34,79.387,57.539,132.991,142.407,105.173,106.964,187.808,47.299,40.83,72.269,69.533,8.415,8.978,193.883,132.695,117.971,106.677,120.481,23.584,147.061,134.232,117.014,116.835,102.979,23.382,103.018,66.385,46.192,82.807,56.229,146.051,93.594,8.971,129.67,122.965,118.007,122.04,124.142,125.772,120.346,25.31,110.134,92.906,156.22,138.954,110.406,22.205,31.708,125.223,133.672,68.258,45.288,114.684,102.808,52.405,62.129,81.819,13.151,86.801,39.329,107.88,160.294,102.186,58.689,0,107.84, 
Morelia,102.789,90.599,57.126,69.54,71.881,75.591,18.082,17.546,111.654,107.14,11.257,14.65,68.533,94.89,10.804,74.596,125.149,34.398,56.378,24.084,33.5,74.49,71.873,126.716,97.287,101.727,46.983,59.751,109.336,107.408,132.791,23.788,59.992,9.721,7.915,127.466,121.869,25.325,11.459,104.472,13.905,88.764,13.517,46.507,96.365,44.369,84.852,120.86,20.284,102.719,20.763,97.774,9.34,9.549,15.235,92.007,11.439,103.94,49.042,31.814,47.313,30.047,100.139,126.087,88.537,16.316,24.765,67.097,101.716,12.842,8.703,107.241,71.676,40.119,120.969,97.683,118.834,74.115,91.486,80.491,55.887,107.84,0, 
