82,108,19.994,-98.246,20.074,-98.819,0
82,109,19.994,-98.246,20.397,-98.201,0
82,123,19.994,-98.246,19.848,-98.671,0
82,204,19.994,-98.246,20.16,-98.801,0
82,249,19.994,-98.246,20.022,-98.319,0
82,354,19.994,-98.246,20.027,-98.71,0
82,355,19.994,-98.246,20.114,-98.708,0
82,368,19.994,-98.246,20.064,-98.41,0
82,392,19.994,-98.246,20.262,-98.133,0
82,444,19.994,-98.246,20.461,-98.076,0
82,460,19.994,-98.246,19.85,-98.005,0
82,507,19.994,-98.246,20.04,-98.292,0
82,573,19.994,-98.246,20.079,-98.739,0
82,584,19.994,-98.246,20.12,-98.401,0
82,602,19.994,-98.246,20.055,-98.771,0
82,653,19.994,-98.246,20.155,-98.269,0
82,659,19.994,-98.246,20.17,-98.032,0
82,725,19.994,-98.246,20.594,-98.765,0
82,768,19.994,-98.246,20.017,-98.64,0
82,783,19.994,-98.246,20.301,-98.164,0
82,849,19.994,-98.246,19.978,-98.788,0
82,904,19.994,-98.246,20.063,-98.42,0
82,935,19.994,-98.246,20.103,-98.832,0
82,990,19.994,-98.246,20.082,-98.737,0
82,1060,19.994,-98.246,20.277,-98.147,0
82,1107,19.994,-98.246,19.855,-98.747,0
82,1187,19.994,-98.246,20.055,-98.763,0
82,1218,19.994,-98.246,20.067,-98.732,0
82,1336,19.994,-98.246,20.158,-98.161,0
82,1382,19.994,-98.246,19.804,-98.699,0
82,1413,19.994,-98.246,20.157,-98.204,0
82,1435,19.994,-98.246,19.97,-98.519,0
82,1476,19.994,-98.246,20.198,-98.204,0
82,1760,19.994,-98.246,19.704,-98.403,0
82,1770,19.994,-98.246,20.123,-98.17,0
82,1778,19.994,-98.246,20.08,-98.727,0
82,1841,19.994,-98.246,19.731,-98.635,0
82,1870,19.994,-98.246,20.053,-98.757,0
82,1916,19.994,-98.246,20.021,-98.79,0
82,1918,19.994,-98.246,20.535,-98.481,0
82,2059,19.994,-98.246,20.101,-98.724,0
82,2065,19.994,-98.246,20.173,-98.313,0
82,2171,19.994,-98.246,20.07,-98.697,0
82,2182,19.994,-98.246,20.143,-98.341,0
82,2186,19.994,-98.246,20.073,-98.417,0
82,2187,19.994,-98.246,20.1,-98.706,0
82,2239,19.994,-98.246,20.114,-98.42,0
82,2317,19.994,-98.246,19.91,-98.669,0
82,2415,19.994,-98.246,20.285,-98.663,0
82,2450,19.994,-98.246,19.818,-98.603,0
82,2563,19.994,-98.246,20.026,-98.84,0
82,2589,19.994,-98.246,19.655,-98.546,0
82,2766,19.994,-98.246,20.109,-98.888,0
82,2811,19.994,-98.246,20.14,-98.678,0
82,3035,19.994,-98.246,19.786,-98.549,0
82,3065,19.994,-98.246,20.046,-98.356,0
82,3094,19.994,-98.246,20.062,-98.716,0
82,3144,19.994,-98.246,20.037,-98.322,0
82,3154,19.994,-98.246,19.838,-98.034,0
82,3219,19.994,-98.246,20.65,-98.648,0
82,3287,19.994,-98.246,19.711,-98.451,0
82,3310,19.994,-98.246,19.769,-98.58,0
82,3455,19.994,-98.246,20.173,-98.06,0
82,3522,19.994,-98.246,20.092,-98.363,0
82,3579,19.994,-98.246,20.085,-98.763,0
108,109,20.074,-98.819,20.397,-98.201,0
108,123,20.074,-98.819,19.848,-98.671,0
108,204,20.074,-98.819,20.16,-98.801,0
108,249,20.074,-98.819,20.022,-98.319,0
108,354,20.074,-98.819,20.027,-98.71,0
108,355,20.074,-98.819,20.114,-98.708,0
108,368,20.074,-98.819,20.064,-98.41,0
108,392,20.074,-98.819,20.262,-98.133,0
108,444,20.074,-98.819,20.461,-98.076,0
108,460,20.074,-98.819,19.85,-98.005,0
108,507,20.074,-98.819,20.04,-98.292,0
108,573,20.074,-98.819,20.079,-98.739,0
108,584,20.074,-98.819,20.12,-98.401,0
108,602,20.074,-98.819,20.055,-98.771,0
108,653,20.074,-98.819,20.155,-98.269,0
108,659,20.074,-98.819,20.17,-98.032,0
108,725,20.074,-98.819,20.594,-98.765,0
108,768,20.074,-98.819,20.017,-98.64,0
108,783,20.074,-98.819,20.301,-98.164,0
108,849,20.074,-98.819,19.978,-98.788,0
108,904,20.074,-98.819,20.063,-98.42,0
108,935,20.074,-98.819,20.103,-98.832,0
108,990,20.074,-98.819,20.082,-98.737,0
108,1060,20.074,-98.819,20.277,-98.147,0
108,1107,20.074,-98.819,19.855,-98.747,0
108,1187,20.074,-98.819,20.055,-98.763,0
108,1218,20.074,-98.819,20.067,-98.732,0
108,1336,20.074,-98.819,20.158,-98.161,0
108,1382,20.074,-98.819,19.804,-98.699,0
108,1413,20.074,-98.819,20.157,-98.204,0
108,1435,20.074,-98.819,19.97,-98.519,0
108,1476,20.074,-98.819,20.198,-98.204,0
108,1760,20.074,-98.819,19.704,-98.403,0
108,1770,20.074,-98.819,20.123,-98.17,0
108,1778,20.074,-98.819,20.08,-98.727,0
108,1841,20.074,-98.819,19.731,-98.635,0
108,1870,20.074,-98.819,20.053,-98.757,0
108,1916,20.074,-98.819,20.021,-98.79,0
108,1918,20.074,-98.819,20.535,-98.481,0
108,2059,20.074,-98.819,20.101,-98.724,0
108,2065,20.074,-98.819,20.173,-98.313,0
108,2171,20.074,-98.819,20.07,-98.697,0
108,2182,20.074,-98.819,20.143,-98.341,0
108,2186,20.074,-98.819,20.073,-98.417,0
108,2187,20.074,-98.819,20.1,-98.706,0
108,2239,20.074,-98.819,20.114,-98.42,0
108,2317,20.074,-98.819,19.91,-98.669,0
108,2415,20.074,-98.819,20.285,-98.663,0
108,2450,20.074,-98.819,19.818,-98.603,0
108,2563,20.074,-98.819,20.026,-98.84,0
108,2589,20.074,-98.819,19.655,-98.546,0
108,2766,20.074,-98.819,20.109,-98.888,0
108,2811,20.074,-98.819,20.14,-98.678,0
108,3035,20.074,-98.819,19.786,-98.549,0
108,3065,20.074,-98.819,20.046,-98.356,0
108,3094,20.074,-98.819,20.062,-98.716,0
108,3144,20.074,-98.819,20.037,-98.322,0
108,3154,20.074,-98.819,19.838,-98.034,0
108,3219,20.074,-98.819,20.65,-98.648,0
108,3287,20.074,-98.819,19.711,-98.451,0
108,3310,20.074,-98.819,19.769,-98.58,0
108,3455,20.074,-98.819,20.173,-98.06,0
108,3522,20.074,-98.819,20.092,-98.363,0
108,3579,20.074,-98.819,20.085,-98.763,0
109,123,20.397,-98.201,19.848,-98.671,0
109,204,20.397,-98.201,20.16,-98.801,0
109,249,20.397,-98.201,20.022,-98.319,0
109,354,20.397,-98.201,20.027,-98.71,0
109,355,20.397,-98.201,20.114,-98.708,0
109,368,20.397,-98.201,20.064,-98.41,0
109,392,20.397,-98.201,20.262,-98.133,0
109,444,20.397,-98.201,20.461,-98.076,0
109,460,20.397,-98.201,19.85,-98.005,0
109,507,20.397,-98.201,20.04,-98.292,0
109,573,20.397,-98.201,20.079,-98.739,0
109,584,20.397,-98.201,20.12,-98.401,0
109,602,20.397,-98.201,20.055,-98.771,0
109,653,20.397,-98.201,20.155,-98.269,0
109,659,20.397,-98.201,20.17,-98.032,0
109,725,20.397,-98.201,20.594,-98.765,0
109,768,20.397,-98.201,20.017,-98.64,0
109,783,20.397,-98.201,20.301,-98.164,0
109,849,20.397,-98.201,19.978,-98.788,0
109,904,20.397,-98.201,20.063,-98.42,0
109,935,20.397,-98.201,20.103,-98.832,0
109,990,20.397,-98.201,20.082,-98.737,0
109,1060,20.397,-98.201,20.277,-98.147,0
109,1107,20.397,-98.201,19.855,-98.747,0
109,1187,20.397,-98.201,20.055,-98.763,0
109,1218,20.397,-98.201,20.067,-98.732,0
109,1336,20.397,-98.201,20.158,-98.161,0
109,1382,20.397,-98.201,19.804,-98.699,0
109,1413,20.397,-98.201,20.157,-98.204,0
109,1435,20.397,-98.201,19.97,-98.519,0
109,1476,20.397,-98.201,20.198,-98.204,0
109,1760,20.397,-98.201,19.704,-98.403,0
109,1770,20.397,-98.201,20.123,-98.17,0
109,1778,20.397,-98.201,20.08,-98.727,0
109,1841,20.397,-98.201,19.731,-98.635,0
109,1870,20.397,-98.201,20.053,-98.757,0
109,1916,20.397,-98.201,20.021,-98.79,0
109,1918,20.397,-98.201,20.535,-98.481,0
109,2059,20.397,-98.201,20.101,-98.724,0
109,2065,20.397,-98.201,20.173,-98.313,0
109,2171,20.397,-98.201,20.07,-98.697,0
109,2182,20.397,-98.201,20.143,-98.341,0
109,2186,20.397,-98.201,20.073,-98.417,0
109,2187,20.397,-98.201,20.1,-98.706,0
109,2239,20.397,-98.201,20.114,-98.42,0
109,2317,20.397,-98.201,19.91,-98.669,0
109,2415,20.397,-98.201,20.285,-98.663,0
109,2450,20.397,-98.201,19.818,-98.603,0
109,2563,20.397,-98.201,20.026,-98.84,0
109,2589,20.397,-98.201,19.655,-98.546,0
109,2766,20.397,-98.201,20.109,-98.888,0
109,2811,20.397,-98.201,20.14,-98.678,0
109,3035,20.397,-98.201,19.786,-98.549,0
109,3065,20.397,-98.201,20.046,-98.356,0
109,3094,20.397,-98.201,20.062,-98.716,0
109,3144,20.397,-98.201,20.037,-98.322,0
109,3154,20.397,-98.201,19.838,-98.034,0
109,3219,20.397,-98.201,20.65,-98.648,0
109,3287,20.397,-98.201,19.711,-98.451,0
109,3310,20.397,-98.201,19.769,-98.58,0
109,3455,20.397,-98.201,20.173,-98.06,0
109,3522,20.397,-98.201,20.092,-98.363,0
109,3579,20.397,-98.201,20.085,-98.763,0
123,204,19.848,-98.671,20.16,-98.801,0
123,249,19.848,-98.671,20.022,-98.319,0
123,354,19.848,-98.671,20.027,-98.71,0
123,355,19.848,-98.671,20.114,-98.708,0
123,368,19.848,-98.671,20.064,-98.41,0
123,392,19.848,-98.671,20.262,-98.133,0
123,444,19.848,-98.671,20.461,-98.076,0
123,460,19.848,-98.671,19.85,-98.005,0
123,507,19.848,-98.671,20.04,-98.292,0
123,573,19.848,-98.671,20.079,-98.739,0
123,584,19.848,-98.671,20.12,-98.401,0
123,602,19.848,-98.671,20.055,-98.771,0
123,653,19.848,-98.671,20.155,-98.269,0
123,659,19.848,-98.671,20.17,-98.032,0
123,725,19.848,-98.671,20.594,-98.765,0
123,768,19.848,-98.671,20.017,-98.64,0
123,783,19.848,-98.671,20.301,-98.164,0
123,849,19.848,-98.671,19.978,-98.788,0
123,904,19.848,-98.671,20.063,-98.42,0
123,935,19.848,-98.671,20.103,-98.832,0
123,990,19.848,-98.671,20.082,-98.737,0
123,1060,19.848,-98.671,20.277,-98.147,0
123,1107,19.848,-98.671,19.855,-98.747,0
123,1187,19.848,-98.671,20.055,-98.763,0
123,1218,19.848,-98.671,20.067,-98.732,0
123,1336,19.848,-98.671,20.158,-98.161,0
123,1382,19.848,-98.671,19.804,-98.699,0
123,1413,19.848,-98.671,20.157,-98.204,0
123,1435,19.848,-98.671,19.97,-98.519,0
123,1476,19.848,-98.671,20.198,-98.204,0
123,1760,19.848,-98.671,19.704,-98.403,0
123,1770,19.848,-98.671,20.123,-98.17,0
123,1778,19.848,-98.671,20.08,-98.727,0
123,1841,19.848,-98.671,19.731,-98.635,0
123,1870,19.848,-98.671,20.053,-98.757,0
123,1916,19.848,-98.671,20.021,-98.79,0
123,1918,19.848,-98.671,20.535,-98.481,0
123,2059,19.848,-98.671,20.101,-98.724,0
123,2065,19.848,-98.671,20.173,-98.313,0
123,2171,19.848,-98.671,20.07,-98.697,0
123,2182,19.848,-98.671,20.143,-98.341,0
123,2186,19.848,-98.671,20.073,-98.417,0
123,2187,19.848,-98.671,20.1,-98.706,0
123,2239,19.848,-98.671,20.114,-98.42,0
123,2317,19.848,-98.671,19.91,-98.669,0
123,2415,19.848,-98.671,20.285,-98.663,0
123,2450,19.848,-98.671,19.818,-98.603,0
123,2563,19.848,-98.671,20.026,-98.84,0
123,2589,19.848,-98.671,19.655,-98.546,0
123,2766,19.848,-98.671,20.109,-98.888,0
123,2811,19.848,-98.671,20.14,-98.678,0
123,3035,19.848,-98.671,19.786,-98.549,0
123,3065,19.848,-98.671,20.046,-98.356,0
123,3094,19.848,-98.671,20.062,-98.716,0
123,3144,19.848,-98.671,20.037,-98.322,0
123,3154,19.848,-98.671,19.838,-98.034,0
123,3219,19.848,-98.671,20.65,-98.648,0
123,3287,19.848,-98.671,19.711,-98.451,0
123,3310,19.848,-98.671,19.769,-98.58,0
123,3455,19.848,-98.671,20.173,-98.06,0
123,3522,19.848,-98.671,20.092,-98.363,0
123,3579,19.848,-98.671,20.085,-98.763,0
204,249,20.16,-98.801,20.022,-98.319,0
204,354,20.16,-98.801,20.027,-98.71,0
204,355,20.16,-98.801,20.114,-98.708,0
204,368,20.16,-98.801,20.064,-98.41,0
204,392,20.16,-98.801,20.262,-98.133,0
204,444,20.16,-98.801,20.461,-98.076,0
204,460,20.16,-98.801,19.85,-98.005,0
204,507,20.16,-98.801,20.04,-98.292,0
204,573,20.16,-98.801,20.079,-98.739,0
204,584,20.16,-98.801,20.12,-98.401,0
204,602,20.16,-98.801,20.055,-98.771,0
204,653,20.16,-98.801,20.155,-98.269,0
204,659,20.16,-98.801,20.17,-98.032,0
204,725,20.16,-98.801,20.594,-98.765,0
204,768,20.16,-98.801,20.017,-98.64,0
204,783,20.16,-98.801,20.301,-98.164,0
204,849,20.16,-98.801,19.978,-98.788,0
204,904,20.16,-98.801,20.063,-98.42,0
204,935,20.16,-98.801,20.103,-98.832,0
204,990,20.16,-98.801,20.082,-98.737,0
204,1060,20.16,-98.801,20.277,-98.147,0
204,1107,20.16,-98.801,19.855,-98.747,0
204,1187,20.16,-98.801,20.055,-98.763,0
204,1218,20.16,-98.801,20.067,-98.732,0
204,1336,20.16,-98.801,20.158,-98.161,0
204,1382,20.16,-98.801,19.804,-98.699,0
204,1413,20.16,-98.801,20.157,-98.204,0
204,1435,20.16,-98.801,19.97,-98.519,0
204,1476,20.16,-98.801,20.198,-98.204,0
204,1760,20.16,-98.801,19.704,-98.403,0
204,1770,20.16,-98.801,20.123,-98.17,0
204,1778,20.16,-98.801,20.08,-98.727,0
204,1841,20.16,-98.801,19.731,-98.635,0
204,1870,20.16,-98.801,20.053,-98.757,0
204,1916,20.16,-98.801,20.021,-98.79,0
204,1918,20.16,-98.801,20.535,-98.481,0
204,2059,20.16,-98.801,20.101,-98.724,0
204,2065,20.16,-98.801,20.173,-98.313,0
204,2171,20.16,-98.801,20.07,-98.697,0
204,2182,20.16,-98.801,20.143,-98.341,0
204,2186,20.16,-98.801,20.073,-98.417,0
204,2187,20.16,-98.801,20.1,-98.706,0
204,2239,20.16,-98.801,20.114,-98.42,0
204,2317,20.16,-98.801,19.91,-98.669,0
204,2415,20.16,-98.801,20.285,-98.663,0
204,2450,20.16,-98.801,19.818,-98.603,0
204,2563,20.16,-98.801,20.026,-98.84,0
204,2589,20.16,-98.801,19.655,-98.546,0
204,2766,20.16,-98.801,20.109,-98.888,0
204,2811,20.16,-98.801,20.14,-98.678,0
204,3035,20.16,-98.801,19.786,-98.549,0
204,3065,20.16,-98.801,20.046,-98.356,0
204,3094,20.16,-98.801,20.062,-98.716,0
204,3144,20.16,-98.801,20.037,-98.322,0
204,3154,20.16,-98.801,19.838,-98.034,0
204,3219,20.16,-98.801,20.65,-98.648,0
204,3287,20.16,-98.801,19.711,-98.451,0
204,3310,20.16,-98.801,19.769,-98.58,0
204,3455,20.16,-98.801,20.173,-98.06,0
204,3522,20.16,-98.801,20.092,-98.363,0
204,3579,20.16,-98.801,20.085,-98.763,0
249,354,20.022,-98.319,20.027,-98.71,0
249,355,20.022,-98.319,20.114,-98.708,0
249,368,20.022,-98.319,20.064,-98.41,0
249,392,20.022,-98.319,20.262,-98.133,0
249,444,20.022,-98.319,20.461,-98.076,0
249,460,20.022,-98.319,19.85,-98.005,0
249,507,20.022,-98.319,20.04,-98.292,0
249,573,20.022,-98.319,20.079,-98.739,0
249,584,20.022,-98.319,20.12,-98.401,0
249,602,20.022,-98.319,20.055,-98.771,0
249,653,20.022,-98.319,20.155,-98.269,0
249,659,20.022,-98.319,20.17,-98.032,0
249,725,20.022,-98.319,20.594,-98.765,0
249,768,20.022,-98.319,20.017,-98.64,0
249,783,20.022,-98.319,20.301,-98.164,0
249,849,20.022,-98.319,19.978,-98.788,0
249,904,20.022,-98.319,20.063,-98.42,0
249,935,20.022,-98.319,20.103,-98.832,0
249,990,20.022,-98.319,20.082,-98.737,0
249,1060,20.022,-98.319,20.277,-98.147,0
249,1107,20.022,-98.319,19.855,-98.747,0
249,1187,20.022,-98.319,20.055,-98.763,0
249,1218,20.022,-98.319,20.067,-98.732,0
249,1336,20.022,-98.319,20.158,-98.161,0
249,1382,20.022,-98.319,19.804,-98.699,0
249,1413,20.022,-98.319,20.157,-98.204,0
249,1435,20.022,-98.319,19.97,-98.519,0
249,1476,20.022,-98.319,20.198,-98.204,0
249,1760,20.022,-98.319,19.704,-98.403,0
249,1770,20.022,-98.319,20.123,-98.17,0
249,1778,20.022,-98.319,20.08,-98.727,0
249,1841,20.022,-98.319,19.731,-98.635,0
249,1870,20.022,-98.319,20.053,-98.757,0
249,1916,20.022,-98.319,20.021,-98.79,0
249,1918,20.022,-98.319,20.535,-98.481,0
249,2059,20.022,-98.319,20.101,-98.724,0
249,2065,20.022,-98.319,20.173,-98.313,0
249,2171,20.022,-98.319,20.07,-98.697,0
249,2182,20.022,-98.319,20.143,-98.341,0
249,2186,20.022,-98.319,20.073,-98.417,0
249,2187,20.022,-98.319,20.1,-98.706,0
249,2239,20.022,-98.319,20.114,-98.42,0
249,2317,20.022,-98.319,19.91,-98.669,0
249,2415,20.022,-98.319,20.285,-98.663,0
249,2450,20.022,-98.319,19.818,-98.603,0
249,2563,20.022,-98.319,20.026,-98.84,0
249,2589,20.022,-98.319,19.655,-98.546,0
249,2766,20.022,-98.319,20.109,-98.888,0
249,2811,20.022,-98.319,20.14,-98.678,0
249,3035,20.022,-98.319,19.786,-98.549,0
249,3065,20.022,-98.319,20.046,-98.356,0
249,3094,20.022,-98.319,20.062,-98.716,0
249,3144,20.022,-98.319,20.037,-98.322,0
249,3154,20.022,-98.319,19.838,-98.034,0
249,3219,20.022,-98.319,20.65,-98.648,0
249,3287,20.022,-98.319,19.711,-98.451,0
249,3310,20.022,-98.319,19.769,-98.58,0
249,3455,20.022,-98.319,20.173,-98.06,0
249,3522,20.022,-98.319,20.092,-98.363,0
249,3579,20.022,-98.319,20.085,-98.763,0
354,355,20.027,-98.71,20.114,-98.708,0
354,368,20.027,-98.71,20.064,-98.41,0
354,392,20.027,-98.71,20.262,-98.133,0
354,444,20.027,-98.71,20.461,-98.076,0
354,460,20.027,-98.71,19.85,-98.005,0
354,507,20.027,-98.71,20.04,-98.292,0
354,573,20.027,-98.71,20.079,-98.739,0
354,584,20.027,-98.71,20.12,-98.401,0
354,602,20.027,-98.71,20.055,-98.771,0
354,653,20.027,-98.71,20.155,-98.269,0
354,659,20.027,-98.71,20.17,-98.032,0
354,725,20.027,-98.71,20.594,-98.765,0
354,768,20.027,-98.71,20.017,-98.64,0
354,783,20.027,-98.71,20.301,-98.164,0
354,849,20.027,-98.71,19.978,-98.788,0
354,904,20.027,-98.71,20.063,-98.42,0
354,935,20.027,-98.71,20.103,-98.832,0
354,990,20.027,-98.71,20.082,-98.737,0
354,1060,20.027,-98.71,20.277,-98.147,0
354,1107,20.027,-98.71,19.855,-98.747,0
354,1187,20.027,-98.71,20.055,-98.763,0
354,1218,20.027,-98.71,20.067,-98.732,0
354,1336,20.027,-98.71,20.158,-98.161,0
354,1382,20.027,-98.71,19.804,-98.699,0
354,1413,20.027,-98.71,20.157,-98.204,0
354,1435,20.027,-98.71,19.97,-98.519,0
354,1476,20.027,-98.71,20.198,-98.204,0
354,1760,20.027,-98.71,19.704,-98.403,0
354,1770,20.027,-98.71,20.123,-98.17,0
354,1778,20.027,-98.71,20.08,-98.727,0
354,1841,20.027,-98.71,19.731,-98.635,0
354,1870,20.027,-98.71,20.053,-98.757,0
354,1916,20.027,-98.71,20.021,-98.79,0
354,1918,20.027,-98.71,20.535,-98.481,0
354,2059,20.027,-98.71,20.101,-98.724,0
354,2065,20.027,-98.71,20.173,-98.313,0
354,2171,20.027,-98.71,20.07,-98.697,0
354,2182,20.027,-98.71,20.143,-98.341,0
354,2186,20.027,-98.71,20.073,-98.417,0
354,2187,20.027,-98.71,20.1,-98.706,0
354,2239,20.027,-98.71,20.114,-98.42,0
354,2317,20.027,-98.71,19.91,-98.669,0
354,2415,20.027,-98.71,20.285,-98.663,0
354,2450,20.027,-98.71,19.818,-98.603,0
354,2563,20.027,-98.71,20.026,-98.84,0
354,2589,20.027,-98.71,19.655,-98.546,0
354,2766,20.027,-98.71,20.109,-98.888,0
354,2811,20.027,-98.71,20.14,-98.678,0
354,3035,20.027,-98.71,19.786,-98.549,0
354,3065,20.027,-98.71,20.046,-98.356,0
354,3094,20.027,-98.71,20.062,-98.716,0
354,3144,20.027,-98.71,20.037,-98.322,0
354,3154,20.027,-98.71,19.838,-98.034,0
354,3219,20.027,-98.71,20.65,-98.648,0
354,3287,20.027,-98.71,19.711,-98.451,0
354,3310,20.027,-98.71,19.769,-98.58,0
354,3455,20.027,-98.71,20.173,-98.06,0
354,3522,20.027,-98.71,20.092,-98.363,0
354,3579,20.027,-98.71,20.085,-98.763,0
355,368,20.114,-98.708,20.064,-98.41,0
355,392,20.114,-98.708,20.262,-98.133,0
355,444,20.114,-98.708,20.461,-98.076,0
355,460,20.114,-98.708,19.85,-98.005,0
355,507,20.114,-98.708,20.04,-98.292,0
355,573,20.114,-98.708,20.079,-98.739,0
355,584,20.114,-98.708,20.12,-98.401,0
355,602,20.114,-98.708,20.055,-98.771,0
355,653,20.114,-98.708,20.155,-98.269,0
355,659,20.114,-98.708,20.17,-98.032,0
355,725,20.114,-98.708,20.594,-98.765,0
355,768,20.114,-98.708,20.017,-98.64,0
355,783,20.114,-98.708,20.301,-98.164,0
355,849,20.114,-98.708,19.978,-98.788,0
355,904,20.114,-98.708,20.063,-98.42,0
355,935,20.114,-98.708,20.103,-98.832,0
355,990,20.114,-98.708,20.082,-98.737,0
355,1060,20.114,-98.708,20.277,-98.147,0
355,1107,20.114,-98.708,19.855,-98.747,0
355,1187,20.114,-98.708,20.055,-98.763,0
355,1218,20.114,-98.708,20.067,-98.732,0
355,1336,20.114,-98.708,20.158,-98.161,0
355,1382,20.114,-98.708,19.804,-98.699,0
355,1413,20.114,-98.708,20.157,-98.204,0
355,1435,20.114,-98.708,19.97,-98.519,0
355,1476,20.114,-98.708,20.198,-98.204,0
355,1760,20.114,-98.708,19.704,-98.403,0
355,1770,20.114,-98.708,20.123,-98.17,0
355,1778,20.114,-98.708,20.08,-98.727,0
355,1841,20.114,-98.708,19.731,-98.635,0
355,1870,20.114,-98.708,20.053,-98.757,0
355,1916,20.114,-98.708,20.021,-98.79,0
355,1918,20.114,-98.708,20.535,-98.481,0
355,2059,20.114,-98.708,20.101,-98.724,0
355,2065,20.114,-98.708,20.173,-98.313,0
355,2171,20.114,-98.708,20.07,-98.697,0
355,2182,20.114,-98.708,20.143,-98.341,0
355,2186,20.114,-98.708,20.073,-98.417,0
355,2187,20.114,-98.708,20.1,-98.706,0
355,2239,20.114,-98.708,20.114,-98.42,0
355,2317,20.114,-98.708,19.91,-98.669,0
355,2415,20.114,-98.708,20.285,-98.663,0
355,2450,20.114,-98.708,19.818,-98.603,0
355,2563,20.114,-98.708,20.026,-98.84,0
355,2589,20.114,-98.708,19.655,-98.546,0
355,2766,20.114,-98.708,20.109,-98.888,0
355,2811,20.114,-98.708,20.14,-98.678,0
355,3035,20.114,-98.708,19.786,-98.549,0
355,3065,20.114,-98.708,20.046,-98.356,0
355,3094,20.114,-98.708,20.062,-98.716,0
355,3144,20.114,-98.708,20.037,-98.322,0
355,3154,20.114,-98.708,19.838,-98.034,0
355,3219,20.114,-98.708,20.65,-98.648,0
355,3287,20.114,-98.708,19.711,-98.451,0
355,3310,20.114,-98.708,19.769,-98.58,0
355,3455,20.114,-98.708,20.173,-98.06,0
355,3522,20.114,-98.708,20.092,-98.363,0
355,3579,20.114,-98.708,20.085,-98.763,0
368,392,20.064,-98.41,20.262,-98.133,0
368,444,20.064,-98.41,20.461,-98.076,0
368,460,20.064,-98.41,19.85,-98.005,0
368,507,20.064,-98.41,20.04,-98.292,0
368,573,20.064,-98.41,20.079,-98.739,0
368,584,20.064,-98.41,20.12,-98.401,0
368,602,20.064,-98.41,20.055,-98.771,0
368,653,20.064,-98.41,20.155,-98.269,0
368,659,20.064,-98.41,20.17,-98.032,0
368,725,20.064,-98.41,20.594,-98.765,0
368,768,20.064,-98.41,20.017,-98.64,0
368,783,20.064,-98.41,20.301,-98.164,0
368,849,20.064,-98.41,19.978,-98.788,0
368,904,20.064,-98.41,20.063,-98.42,0
368,935,20.064,-98.41,20.103,-98.832,0
368,990,20.064,-98.41,20.082,-98.737,0
368,1060,20.064,-98.41,20.277,-98.147,0
368,1107,20.064,-98.41,19.855,-98.747,0
368,1187,20.064,-98.41,20.055,-98.763,0
368,1218,20.064,-98.41,20.067,-98.732,0
368,1336,20.064,-98.41,20.158,-98.161,0
368,1382,20.064,-98.41,19.804,-98.699,0
368,1413,20.064,-98.41,20.157,-98.204,0
368,1435,20.064,-98.41,19.97,-98.519,0
368,1476,20.064,-98.41,20.198,-98.204,0
368,1760,20.064,-98.41,19.704,-98.403,0
368,1770,20.064,-98.41,20.123,-98.17,0
368,1778,20.064,-98.41,20.08,-98.727,0
368,1841,20.064,-98.41,19.731,-98.635,0
368,1870,20.064,-98.41,20.053,-98.757,0
368,1916,20.064,-98.41,20.021,-98.79,0
368,1918,20.064,-98.41,20.535,-98.481,0
368,2059,20.064,-98.41,20.101,-98.724,0
368,2065,20.064,-98.41,20.173,-98.313,0
368,2171,20.064,-98.41,20.07,-98.697,0
368,2182,20.064,-98.41,20.143,-98.341,0
368,2186,20.064,-98.41,20.073,-98.417,0
368,2187,20.064,-98.41,20.1,-98.706,0
368,2239,20.064,-98.41,20.114,-98.42,0
368,2317,20.064,-98.41,19.91,-98.669,0
368,2415,20.064,-98.41,20.285,-98.663,0
368,2450,20.064,-98.41,19.818,-98.603,0
368,2563,20.064,-98.41,20.026,-98.84,0
368,2589,20.064,-98.41,19.655,-98.546,0
368,2766,20.064,-98.41,20.109,-98.888,0
368,2811,20.064,-98.41,20.14,-98.678,0
368,3035,20.064,-98.41,19.786,-98.549,0
368,3065,20.064,-98.41,20.046,-98.356,0
368,3094,20.064,-98.41,20.062,-98.716,0
368,3144,20.064,-98.41,20.037,-98.322,0
368,3154,20.064,-98.41,19.838,-98.034,0
368,3219,20.064,-98.41,20.65,-98.648,0
368,3287,20.064,-98.41,19.711,-98.451,0
368,3310,20.064,-98.41,19.769,-98.58,0
368,3455,20.064,-98.41,20.173,-98.06,0
368,3522,20.064,-98.41,20.092,-98.363,0
368,3579,20.064,-98.41,20.085,-98.763,0
392,444,20.262,-98.133,20.461,-98.076,0
392,460,20.262,-98.133,19.85,-98.005,0
392,507,20.262,-98.133,20.04,-98.292,0
392,573,20.262,-98.133,20.079,-98.739,0
392,584,20.262,-98.133,20.12,-98.401,0
392,602,20.262,-98.133,20.055,-98.771,0
392,653,20.262,-98.133,20.155,-98.269,0
392,659,20.262,-98.133,20.17,-98.032,0
392,725,20.262,-98.133,20.594,-98.765,0
392,768,20.262,-98.133,20.017,-98.64,0
392,783,20.262,-98.133,20.301,-98.164,0
392,849,20.262,-98.133,19.978,-98.788,0
392,904,20.262,-98.133,20.063,-98.42,0
392,935,20.262,-98.133,20.103,-98.832,0
392,990,20.262,-98.133,20.082,-98.737,0
392,1060,20.262,-98.133,20.277,-98.147,0
392,1107,20.262,-98.133,19.855,-98.747,0
392,1187,20.262,-98.133,20.055,-98.763,0
392,1218,20.262,-98.133,20.067,-98.732,0
392,1336,20.262,-98.133,20.158,-98.161,0
392,1382,20.262,-98.133,19.804,-98.699,0
392,1413,20.262,-98.133,20.157,-98.204,0
392,1435,20.262,-98.133,19.97,-98.519,0
392,1476,20.262,-98.133,20.198,-98.204,0
392,1760,20.262,-98.133,19.704,-98.403,0
392,1770,20.262,-98.133,20.123,-98.17,0
392,1778,20.262,-98.133,20.08,-98.727,0
392,1841,20.262,-98.133,19.731,-98.635,0
392,1870,20.262,-98.133,20.053,-98.757,0
392,1916,20.262,-98.133,20.021,-98.79,0
392,1918,20.262,-98.133,20.535,-98.481,0
392,2059,20.262,-98.133,20.101,-98.724,0
392,2065,20.262,-98.133,20.173,-98.313,0
392,2171,20.262,-98.133,20.07,-98.697,0
392,2182,20.262,-98.133,20.143,-98.341,0
392,2186,20.262,-98.133,20.073,-98.417,0
392,2187,20.262,-98.133,20.1,-98.706,0
392,2239,20.262,-98.133,20.114,-98.42,0
392,2317,20.262,-98.133,19.91,-98.669,0
392,2415,20.262,-98.133,20.285,-98.663,0
392,2450,20.262,-98.133,19.818,-98.603,0
392,2563,20.262,-98.133,20.026,-98.84,0
392,2589,20.262,-98.133,19.655,-98.546,0
392,2766,20.262,-98.133,20.109,-98.888,0
392,2811,20.262,-98.133,20.14,-98.678,0
392,3035,20.262,-98.133,19.786,-98.549,0
392,3065,20.262,-98.133,20.046,-98.356,0
392,3094,20.262,-98.133,20.062,-98.716,0
392,3144,20.262,-98.133,20.037,-98.322,0
392,3154,20.262,-98.133,19.838,-98.034,0
392,3219,20.262,-98.133,20.65,-98.648,0
392,3287,20.262,-98.133,19.711,-98.451,0
392,3310,20.262,-98.133,19.769,-98.58,0
392,3455,20.262,-98.133,20.173,-98.06,0
392,3522,20.262,-98.133,20.092,-98.363,0
392,3579,20.262,-98.133,20.085,-98.763,0
444,460,20.461,-98.076,19.85,-98.005,0
444,507,20.461,-98.076,20.04,-98.292,0
444,573,20.461,-98.076,20.079,-98.739,0
444,584,20.461,-98.076,20.12,-98.401,0
444,602,20.461,-98.076,20.055,-98.771,0
444,653,20.461,-98.076,20.155,-98.269,0
444,659,20.461,-98.076,20.17,-98.032,0
444,725,20.461,-98.076,20.594,-98.765,0
444,768,20.461,-98.076,20.017,-98.64,0
444,783,20.461,-98.076,20.301,-98.164,0
444,849,20.461,-98.076,19.978,-98.788,0
444,904,20.461,-98.076,20.063,-98.42,0
444,935,20.461,-98.076,20.103,-98.832,0
444,990,20.461,-98.076,20.082,-98.737,0
444,1060,20.461,-98.076,20.277,-98.147,0
444,1107,20.461,-98.076,19.855,-98.747,0
444,1187,20.461,-98.076,20.055,-98.763,0
444,1218,20.461,-98.076,20.067,-98.732,0
444,1336,20.461,-98.076,20.158,-98.161,0
444,1382,20.461,-98.076,19.804,-98.699,0
444,1413,20.461,-98.076,20.157,-98.204,0
444,1435,20.461,-98.076,19.97,-98.519,0
444,1476,20.461,-98.076,20.198,-98.204,0
444,1760,20.461,-98.076,19.704,-98.403,0
444,1770,20.461,-98.076,20.123,-98.17,0
444,1778,20.461,-98.076,20.08,-98.727,0
444,1841,20.461,-98.076,19.731,-98.635,0
444,1870,20.461,-98.076,20.053,-98.757,0
444,1916,20.461,-98.076,20.021,-98.79,0
444,1918,20.461,-98.076,20.535,-98.481,0
444,2059,20.461,-98.076,20.101,-98.724,0
444,2065,20.461,-98.076,20.173,-98.313,0
444,2171,20.461,-98.076,20.07,-98.697,0
444,2182,20.461,-98.076,20.143,-98.341,0
444,2186,20.461,-98.076,20.073,-98.417,0
444,2187,20.461,-98.076,20.1,-98.706,0
444,2239,20.461,-98.076,20.114,-98.42,0
444,2317,20.461,-98.076,19.91,-98.669,0
444,2415,20.461,-98.076,20.285,-98.663,0
444,2450,20.461,-98.076,19.818,-98.603,0
444,2563,20.461,-98.076,20.026,-98.84,0
444,2589,20.461,-98.076,19.655,-98.546,0
444,2766,20.461,-98.076,20.109,-98.888,0
444,2811,20.461,-98.076,20.14,-98.678,0
444,3035,20.461,-98.076,19.786,-98.549,0
444,3065,20.461,-98.076,20.046,-98.356,0
444,3094,20.461,-98.076,20.062,-98.716,0
444,3144,20.461,-98.076,20.037,-98.322,0
444,3154,20.461,-98.076,19.838,-98.034,0
444,3219,20.461,-98.076,20.65,-98.648,0
444,3287,20.461,-98.076,19.711,-98.451,0
444,3310,20.461,-98.076,19.769,-98.58,0
444,3455,20.461,-98.076,20.173,-98.06,0
444,3522,20.461,-98.076,20.092,-98.363,0
444,3579,20.461,-98.076,20.085,-98.763,0
460,507,19.85,-98.005,20.04,-98.292,0
460,573,19.85,-98.005,20.079,-98.739,0
460,584,19.85,-98.005,20.12,-98.401,0
460,602,19.85,-98.005,20.055,-98.771,0
460,653,19.85,-98.005,20.155,-98.269,0
460,659,19.85,-98.005,20.17,-98.032,0
460,725,19.85,-98.005,20.594,-98.765,0
460,768,19.85,-98.005,20.017,-98.64,0
460,783,19.85,-98.005,20.301,-98.164,0
460,849,19.85,-98.005,19.978,-98.788,0
460,904,19.85,-98.005,20.063,-98.42,0
460,935,19.85,-98.005,20.103,-98.832,0
460,990,19.85,-98.005,20.082,-98.737,0
460,1060,19.85,-98.005,20.277,-98.147,0
460,1107,19.85,-98.005,19.855,-98.747,0
460,1187,19.85,-98.005,20.055,-98.763,0
460,1218,19.85,-98.005,20.067,-98.732,0
460,1336,19.85,-98.005,20.158,-98.161,0
460,1382,19.85,-98.005,19.804,-98.699,0
460,1413,19.85,-98.005,20.157,-98.204,0
460,1435,19.85,-98.005,19.97,-98.519,0
460,1476,19.85,-98.005,20.198,-98.204,0
460,1760,19.85,-98.005,19.704,-98.403,0
460,1770,19.85,-98.005,20.123,-98.17,0
460,1778,19.85,-98.005,20.08,-98.727,0
460,1841,19.85,-98.005,19.731,-98.635,0
460,1870,19.85,-98.005,20.053,-98.757,0
460,1916,19.85,-98.005,20.021,-98.79,0
460,1918,19.85,-98.005,20.535,-98.481,0
460,2059,19.85,-98.005,20.101,-98.724,0
460,2065,19.85,-98.005,20.173,-98.313,0
460,2171,19.85,-98.005,20.07,-98.697,0
460,2182,19.85,-98.005,20.143,-98.341,0
460,2186,19.85,-98.005,20.073,-98.417,0
460,2187,19.85,-98.005,20.1,-98.706,0
460,2239,19.85,-98.005,20.114,-98.42,0
460,2317,19.85,-98.005,19.91,-98.669,0
460,2415,19.85,-98.005,20.285,-98.663,0
460,2450,19.85,-98.005,19.818,-98.603,0
460,2563,19.85,-98.005,20.026,-98.84,0
460,2589,19.85,-98.005,19.655,-98.546,0
460,2766,19.85,-98.005,20.109,-98.888,0
460,2811,19.85,-98.005,20.14,-98.678,0
460,3035,19.85,-98.005,19.786,-98.549,0
460,3065,19.85,-98.005,20.046,-98.356,0
460,3094,19.85,-98.005,20.062,-98.716,0
460,3144,19.85,-98.005,20.037,-98.322,0
460,3154,19.85,-98.005,19.838,-98.034,0
460,3219,19.85,-98.005,20.65,-98.648,0
460,3287,19.85,-98.005,19.711,-98.451,0
460,3310,19.85,-98.005,19.769,-98.58,0
460,3455,19.85,-98.005,20.173,-98.06,0
460,3522,19.85,-98.005,20.092,-98.363,0
460,3579,19.85,-98.005,20.085,-98.763,0
507,573,20.04,-98.292,20.079,-98.739,0
507,584,20.04,-98.292,20.12,-98.401,0
507,602,20.04,-98.292,20.055,-98.771,0
507,653,20.04,-98.292,20.155,-98.269,0
507,659,20.04,-98.292,20.17,-98.032,0
507,725,20.04,-98.292,20.594,-98.765,0
507,768,20.04,-98.292,20.017,-98.64,0
507,783,20.04,-98.292,20.301,-98.164,0
507,849,20.04,-98.292,19.978,-98.788,0
507,904,20.04,-98.292,20.063,-98.42,0
507,935,20.04,-98.292,20.103,-98.832,0
507,990,20.04,-98.292,20.082,-98.737,0
507,1060,20.04,-98.292,20.277,-98.147,0
507,1107,20.04,-98.292,19.855,-98.747,0
507,1187,20.04,-98.292,20.055,-98.763,0
507,1218,20.04,-98.292,20.067,-98.732,0
507,1336,20.04,-98.292,20.158,-98.161,0
507,1382,20.04,-98.292,19.804,-98.699,0
507,1413,20.04,-98.292,20.157,-98.204,0
507,1435,20.04,-98.292,19.97,-98.519,0
507,1476,20.04,-98.292,20.198,-98.204,0
507,1760,20.04,-98.292,19.704,-98.403,0
507,1770,20.04,-98.292,20.123,-98.17,0
507,1778,20.04,-98.292,20.08,-98.727,0
507,1841,20.04,-98.292,19.731,-98.635,0
507,1870,20.04,-98.292,20.053,-98.757,0
507,1916,20.04,-98.292,20.021,-98.79,0
507,1918,20.04,-98.292,20.535,-98.481,0
507,2059,20.04,-98.292,20.101,-98.724,0
507,2065,20.04,-98.292,20.173,-98.313,0
507,2171,20.04,-98.292,20.07,-98.697,0
507,2182,20.04,-98.292,20.143,-98.341,0
507,2186,20.04,-98.292,20.073,-98.417,0
507,2187,20.04,-98.292,20.1,-98.706,0
507,2239,20.04,-98.292,20.114,-98.42,0
507,2317,20.04,-98.292,19.91,-98.669,0
507,2415,20.04,-98.292,20.285,-98.663,0
507,2450,20.04,-98.292,19.818,-98.603,0
507,2563,20.04,-98.292,20.026,-98.84,0
507,2589,20.04,-98.292,19.655,-98.546,0
507,2766,20.04,-98.292,20.109,-98.888,0
507,2811,20.04,-98.292,20.14,-98.678,0
507,3035,20.04,-98.292,19.786,-98.549,0
507,3065,20.04,-98.292,20.046,-98.356,0
507,3094,20.04,-98.292,20.062,-98.716,0
507,3144,20.04,-98.292,20.037,-98.322,0
507,3154,20.04,-98.292,19.838,-98.034,0
507,3219,20.04,-98.292,20.65,-98.648,0
507,3287,20.04,-98.292,19.711,-98.451,0
507,3310,20.04,-98.292,19.769,-98.58,0
507,3455,20.04,-98.292,20.173,-98.06,0
507,3522,20.04,-98.292,20.092,-98.363,0
507,3579,20.04,-98.292,20.085,-98.763,0
573,584,20.079,-98.739,20.12,-98.401,0
573,602,20.079,-98.739,20.055,-98.771,0
573,653,20.079,-98.739,20.155,-98.269,0
573,659,20.079,-98.739,20.17,-98.032,0
573,725,20.079,-98.739,20.594,-98.765,0
573,768,20.079,-98.739,20.017,-98.64,0
573,783,20.079,-98.739,20.301,-98.164,0
573,849,20.079,-98.739,19.978,-98.788,0
573,904,20.079,-98.739,20.063,-98.42,0
573,935,20.079,-98.739,20.103,-98.832,0
573,990,20.079,-98.739,20.082,-98.737,0
573,1060,20.079,-98.739,20.277,-98.147,0
573,1107,20.079,-98.739,19.855,-98.747,0
573,1187,20.079,-98.739,20.055,-98.763,0
573,1218,20.079,-98.739,20.067,-98.732,0
573,1336,20.079,-98.739,20.158,-98.161,0
573,1382,20.079,-98.739,19.804,-98.699,0
573,1413,20.079,-98.739,20.157,-98.204,0
573,1435,20.079,-98.739,19.97,-98.519,0
573,1476,20.079,-98.739,20.198,-98.204,0
573,1760,20.079,-98.739,19.704,-98.403,0
573,1770,20.079,-98.739,20.123,-98.17,0
573,1778,20.079,-98.739,20.08,-98.727,0
573,1841,20.079,-98.739,19.731,-98.635,0
573,1870,20.079,-98.739,20.053,-98.757,0
573,1916,20.079,-98.739,20.021,-98.79,0
573,1918,20.079,-98.739,20.535,-98.481,0
573,2059,20.079,-98.739,20.101,-98.724,0
573,2065,20.079,-98.739,20.173,-98.313,0
573,2171,20.079,-98.739,20.07,-98.697,0
573,2182,20.079,-98.739,20.143,-98.341,0
573,2186,20.079,-98.739,20.073,-98.417,0
573,2187,20.079,-98.739,20.1,-98.706,0
573,2239,20.079,-98.739,20.114,-98.42,0
573,2317,20.079,-98.739,19.91,-98.669,0
573,2415,20.079,-98.739,20.285,-98.663,0
573,2450,20.079,-98.739,19.818,-98.603,0
573,2563,20.079,-98.739,20.026,-98.84,0
573,2589,20.079,-98.739,19.655,-98.546,0
573,2766,20.079,-98.739,20.109,-98.888,0
573,2811,20.079,-98.739,20.14,-98.678,0
573,3035,20.079,-98.739,19.786,-98.549,0
573,3065,20.079,-98.739,20.046,-98.356,0
573,3094,20.079,-98.739,20.062,-98.716,0
573,3144,20.079,-98.739,20.037,-98.322,0
573,3154,20.079,-98.739,19.838,-98.034,0
573,3219,20.079,-98.739,20.65,-98.648,0
573,3287,20.079,-98.739,19.711,-98.451,0
573,3310,20.079,-98.739,19.769,-98.58,0
573,3455,20.079,-98.739,20.173,-98.06,0
573,3522,20.079,-98.739,20.092,-98.363,0
573,3579,20.079,-98.739,20.085,-98.763,0
584,602,20.12,-98.401,20.055,-98.771,0
584,653,20.12,-98.401,20.155,-98.269,0
584,659,20.12,-98.401,20.17,-98.032,0
584,725,20.12,-98.401,20.594,-98.765,0
584,768,20.12,-98.401,20.017,-98.64,0
584,783,20.12,-98.401,20.301,-98.164,0
584,849,20.12,-98.401,19.978,-98.788,0
584,904,20.12,-98.401,20.063,-98.42,0
584,935,20.12,-98.401,20.103,-98.832,0
584,990,20.12,-98.401,20.082,-98.737,0
584,1060,20.12,-98.401,20.277,-98.147,0
584,1107,20.12,-98.401,19.855,-98.747,0
584,1187,20.12,-98.401,20.055,-98.763,0
584,1218,20.12,-98.401,20.067,-98.732,0
584,1336,20.12,-98.401,20.158,-98.161,0
584,1382,20.12,-98.401,19.804,-98.699,0
584,1413,20.12,-98.401,20.157,-98.204,0
584,1435,20.12,-98.401,19.97,-98.519,0
584,1476,20.12,-98.401,20.198,-98.204,0
584,1760,20.12,-98.401,19.704,-98.403,0
584,1770,20.12,-98.401,20.123,-98.17,0
584,1778,20.12,-98.401,20.08,-98.727,0
584,1841,20.12,-98.401,19.731,-98.635,0
584,1870,20.12,-98.401,20.053,-98.757,0
584,1916,20.12,-98.401,20.021,-98.79,0
584,1918,20.12,-98.401,20.535,-98.481,0
584,2059,20.12,-98.401,20.101,-98.724,0
584,2065,20.12,-98.401,20.173,-98.313,0
584,2171,20.12,-98.401,20.07,-98.697,0
584,2182,20.12,-98.401,20.143,-98.341,0
584,2186,20.12,-98.401,20.073,-98.417,0
584,2187,20.12,-98.401,20.1,-98.706,0
584,2239,20.12,-98.401,20.114,-98.42,0
584,2317,20.12,-98.401,19.91,-98.669,0
584,2415,20.12,-98.401,20.285,-98.663,0
584,2450,20.12,-98.401,19.818,-98.603,0
584,2563,20.12,-98.401,20.026,-98.84,0
584,2589,20.12,-98.401,19.655,-98.546,0
584,2766,20.12,-98.401,20.109,-98.888,0
584,2811,20.12,-98.401,20.14,-98.678,0
584,3035,20.12,-98.401,19.786,-98.549,0
584,3065,20.12,-98.401,20.046,-98.356,0
584,3094,20.12,-98.401,20.062,-98.716,0
584,3144,20.12,-98.401,20.037,-98.322,0
584,3154,20.12,-98.401,19.838,-98.034,0
584,3219,20.12,-98.401,20.65,-98.648,0
584,3287,20.12,-98.401,19.711,-98.451,0
584,3310,20.12,-98.401,19.769,-98.58,0
584,3455,20.12,-98.401,20.173,-98.06,0
584,3522,20.12,-98.401,20.092,-98.363,0
584,3579,20.12,-98.401,20.085,-98.763,0
602,653,20.055,-98.771,20.155,-98.269,0
602,659,20.055,-98.771,20.17,-98.032,0
602,725,20.055,-98.771,20.594,-98.765,0
602,768,20.055,-98.771,20.017,-98.64,0
602,783,20.055,-98.771,20.301,-98.164,0
602,849,20.055,-98.771,19.978,-98.788,0
602,904,20.055,-98.771,20.063,-98.42,0
602,935,20.055,-98.771,20.103,-98.832,0
602,990,20.055,-98.771,20.082,-98.737,0
602,1060,20.055,-98.771,20.277,-98.147,0
602,1107,20.055,-98.771,19.855,-98.747,0
602,1187,20.055,-98.771,20.055,-98.763,0
602,1218,20.055,-98.771,20.067,-98.732,0
602,1336,20.055,-98.771,20.158,-98.161,0
602,1382,20.055,-98.771,19.804,-98.699,0
602,1413,20.055,-98.771,20.157,-98.204,0
602,1435,20.055,-98.771,19.97,-98.519,0
602,1476,20.055,-98.771,20.198,-98.204,0
602,1760,20.055,-98.771,19.704,-98.403,0
602,1770,20.055,-98.771,20.123,-98.17,0
602,1778,20.055,-98.771,20.08,-98.727,0
602,1841,20.055,-98.771,19.731,-98.635,0
602,1870,20.055,-98.771,20.053,-98.757,0
602,1916,20.055,-98.771,20.021,-98.79,0
602,1918,20.055,-98.771,20.535,-98.481,0
602,2059,20.055,-98.771,20.101,-98.724,0
602,2065,20.055,-98.771,20.173,-98.313,0
602,2171,20.055,-98.771,20.07,-98.697,0
602,2182,20.055,-98.771,20.143,-98.341,0
602,2186,20.055,-98.771,20.073,-98.417,0
602,2187,20.055,-98.771,20.1,-98.706,0
602,2239,20.055,-98.771,20.114,-98.42,0
602,2317,20.055,-98.771,19.91,-98.669,0
602,2415,20.055,-98.771,20.285,-98.663,0
602,2450,20.055,-98.771,19.818,-98.603,0
602,2563,20.055,-98.771,20.026,-98.84,0
602,2589,20.055,-98.771,19.655,-98.546,0
602,2766,20.055,-98.771,20.109,-98.888,0
602,2811,20.055,-98.771,20.14,-98.678,0
602,3035,20.055,-98.771,19.786,-98.549,0
602,3065,20.055,-98.771,20.046,-98.356,0
602,3094,20.055,-98.771,20.062,-98.716,0
602,3144,20.055,-98.771,20.037,-98.322,0
602,3154,20.055,-98.771,19.838,-98.034,0
602,3219,20.055,-98.771,20.65,-98.648,0
602,3287,20.055,-98.771,19.711,-98.451,0
602,3310,20.055,-98.771,19.769,-98.58,0
602,3455,20.055,-98.771,20.173,-98.06,0
602,3522,20.055,-98.771,20.092,-98.363,0
602,3579,20.055,-98.771,20.085,-98.763,0
653,659,20.155,-98.269,20.17,-98.032,0
653,725,20.155,-98.269,20.594,-98.765,0
653,768,20.155,-98.269,20.017,-98.64,0
653,783,20.155,-98.269,20.301,-98.164,0
653,849,20.155,-98.269,19.978,-98.788,0
653,904,20.155,-98.269,20.063,-98.42,0
653,935,20.155,-98.269,20.103,-98.832,0
653,990,20.155,-98.269,20.082,-98.737,0
653,1060,20.155,-98.269,20.277,-98.147,0
653,1107,20.155,-98.269,19.855,-98.747,0
653,1187,20.155,-98.269,20.055,-98.763,0
653,1218,20.155,-98.269,20.067,-98.732,0
653,1336,20.155,-98.269,20.158,-98.161,0
653,1382,20.155,-98.269,19.804,-98.699,0
653,1413,20.155,-98.269,20.157,-98.204,0
653,1435,20.155,-98.269,19.97,-98.519,0
653,1476,20.155,-98.269,20.198,-98.204,0
653,1760,20.155,-98.269,19.704,-98.403,0
653,1770,20.155,-98.269,20.123,-98.17,0
653,1778,20.155,-98.269,20.08,-98.727,0
653,1841,20.155,-98.269,19.731,-98.635,0
653,1870,20.155,-98.269,20.053,-98.757,0
653,1916,20.155,-98.269,20.021,-98.79,0
653,1918,20.155,-98.269,20.535,-98.481,0
653,2059,20.155,-98.269,20.101,-98.724,0
653,2065,20.155,-98.269,20.173,-98.313,0
653,2171,20.155,-98.269,20.07,-98.697,0
653,2182,20.155,-98.269,20.143,-98.341,0
653,2186,20.155,-98.269,20.073,-98.417,0
653,2187,20.155,-98.269,20.1,-98.706,0
653,2239,20.155,-98.269,20.114,-98.42,0
653,2317,20.155,-98.269,19.91,-98.669,0
653,2415,20.155,-98.269,20.285,-98.663,0
653,2450,20.155,-98.269,19.818,-98.603,0
653,2563,20.155,-98.269,20.026,-98.84,0
653,2589,20.155,-98.269,19.655,-98.546,0
653,2766,20.155,-98.269,20.109,-98.888,0
653,2811,20.155,-98.269,20.14,-98.678,0
653,3035,20.155,-98.269,19.786,-98.549,0
653,3065,20.155,-98.269,20.046,-98.356,0
653,3094,20.155,-98.269,20.062,-98.716,0
653,3144,20.155,-98.269,20.037,-98.322,0
653,3154,20.155,-98.269,19.838,-98.034,0
653,3219,20.155,-98.269,20.65,-98.648,0
653,3287,20.155,-98.269,19.711,-98.451,0
653,3310,20.155,-98.269,19.769,-98.58,0
653,3455,20.155,-98.269,20.173,-98.06,0
653,3522,20.155,-98.269,20.092,-98.363,0
653,3579,20.155,-98.269,20.085,-98.763,0
659,725,20.17,-98.032,20.594,-98.765,0
659,768,20.17,-98.032,20.017,-98.64,0
659,783,20.17,-98.032,20.301,-98.164,0
659,849,20.17,-98.032,19.978,-98.788,0
659,904,20.17,-98.032,20.063,-98.42,0
659,935,20.17,-98.032,20.103,-98.832,0
659,990,20.17,-98.032,20.082,-98.737,0
659,1060,20.17,-98.032,20.277,-98.147,0
659,1107,20.17,-98.032,19.855,-98.747,0
659,1187,20.17,-98.032,20.055,-98.763,0
659,1218,20.17,-98.032,20.067,-98.732,0
659,1336,20.17,-98.032,20.158,-98.161,0
659,1382,20.17,-98.032,19.804,-98.699,0
659,1413,20.17,-98.032,20.157,-98.204,0
659,1435,20.17,-98.032,19.97,-98.519,0
659,1476,20.17,-98.032,20.198,-98.204,0
659,1760,20.17,-98.032,19.704,-98.403,0
659,1770,20.17,-98.032,20.123,-98.17,0
659,1778,20.17,-98.032,20.08,-98.727,0
659,1841,20.17,-98.032,19.731,-98.635,0
659,1870,20.17,-98.032,20.053,-98.757,0
659,1916,20.17,-98.032,20.021,-98.79,0
659,1918,20.17,-98.032,20.535,-98.481,0
659,2059,20.17,-98.032,20.101,-98.724,0
659,2065,20.17,-98.032,20.173,-98.313,0
659,2171,20.17,-98.032,20.07,-98.697,0
659,2182,20.17,-98.032,20.143,-98.341,0
659,2186,20.17,-98.032,20.073,-98.417,0
659,2187,20.17,-98.032,20.1,-98.706,0
659,2239,20.17,-98.032,20.114,-98.42,0
659,2317,20.17,-98.032,19.91,-98.669,0
659,2415,20.17,-98.032,20.285,-98.663,0
659,2450,20.17,-98.032,19.818,-98.603,0
659,2563,20.17,-98.032,20.026,-98.84,0
659,2589,20.17,-98.032,19.655,-98.546,0
659,2766,20.17,-98.032,20.109,-98.888,0
659,2811,20.17,-98.032,20.14,-98.678,0
659,3035,20.17,-98.032,19.786,-98.549,0
659,3065,20.17,-98.032,20.046,-98.356,0
659,3094,20.17,-98.032,20.062,-98.716,0
659,3144,20.17,-98.032,20.037,-98.322,0
659,3154,20.17,-98.032,19.838,-98.034,0
659,3219,20.17,-98.032,20.65,-98.648,0
659,3287,20.17,-98.032,19.711,-98.451,0
659,3310,20.17,-98.032,19.769,-98.58,0
659,3455,20.17,-98.032,20.173,-98.06,0
659,3522,20.17,-98.032,20.092,-98.363,0
659,3579,20.17,-98.032,20.085,-98.763,0
725,768,20.594,-98.765,20.017,-98.64,0
725,783,20.594,-98.765,20.301,-98.164,0
725,849,20.594,-98.765,19.978,-98.788,0
725,904,20.594,-98.765,20.063,-98.42,0
725,935,20.594,-98.765,20.103,-98.832,0
725,990,20.594,-98.765,20.082,-98.737,0
725,1060,20.594,-98.765,20.277,-98.147,0
725,1107,20.594,-98.765,19.855,-98.747,0
725,1187,20.594,-98.765,20.055,-98.763,0
725,1218,20.594,-98.765,20.067,-98.732,0
725,1336,20.594,-98.765,20.158,-98.161,0
725,1382,20.594,-98.765,19.804,-98.699,0
725,1413,20.594,-98.765,20.157,-98.204,0
725,1435,20.594,-98.765,19.97,-98.519,0
725,1476,20.594,-98.765,20.198,-98.204,0
725,1760,20.594,-98.765,19.704,-98.403,0
725,1770,20.594,-98.765,20.123,-98.17,0
725,1778,20.594,-98.765,20.08,-98.727,0
725,1841,20.594,-98.765,19.731,-98.635,0
725,1870,20.594,-98.765,20.053,-98.757,0
725,1916,20.594,-98.765,20.021,-98.79,0
725,1918,20.594,-98.765,20.535,-98.481,0
725,2059,20.594,-98.765,20.101,-98.724,0
725,2065,20.594,-98.765,20.173,-98.313,0
725,2171,20.594,-98.765,20.07,-98.697,0
725,2182,20.594,-98.765,20.143,-98.341,0
725,2186,20.594,-98.765,20.073,-98.417,0
725,2187,20.594,-98.765,20.1,-98.706,0
725,2239,20.594,-98.765,20.114,-98.42,0
725,2317,20.594,-98.765,19.91,-98.669,0
725,2415,20.594,-98.765,20.285,-98.663,0
725,2450,20.594,-98.765,19.818,-98.603,0
725,2563,20.594,-98.765,20.026,-98.84,0
725,2589,20.594,-98.765,19.655,-98.546,0
725,2766,20.594,-98.765,20.109,-98.888,0
725,2811,20.594,-98.765,20.14,-98.678,0
725,3035,20.594,-98.765,19.786,-98.549,0
725,3065,20.594,-98.765,20.046,-98.356,0
725,3094,20.594,-98.765,20.062,-98.716,0
725,3144,20.594,-98.765,20.037,-98.322,0
725,3154,20.594,-98.765,19.838,-98.034,0
725,3219,20.594,-98.765,20.65,-98.648,0
725,3287,20.594,-98.765,19.711,-98.451,0
725,3310,20.594,-98.765,19.769,-98.58,0
725,3455,20.594,-98.765,20.173,-98.06,0
725,3522,20.594,-98.765,20.092,-98.363,0
725,3579,20.594,-98.765,20.085,-98.763,0
768,783,20.017,-98.64,20.301,-98.164,0
768,849,20.017,-98.64,19.978,-98.788,0
768,904,20.017,-98.64,20.063,-98.42,0
768,935,20.017,-98.64,20.103,-98.832,0
768,990,20.017,-98.64,20.082,-98.737,0
768,1060,20.017,-98.64,20.277,-98.147,0
768,1107,20.017,-98.64,19.855,-98.747,0
768,1187,20.017,-98.64,20.055,-98.763,0
768,1218,20.017,-98.64,20.067,-98.732,0
768,1336,20.017,-98.64,20.158,-98.161,0
768,1382,20.017,-98.64,19.804,-98.699,0
768,1413,20.017,-98.64,20.157,-98.204,0
768,1435,20.017,-98.64,19.97,-98.519,0
768,1476,20.017,-98.64,20.198,-98.204,0
768,1760,20.017,-98.64,19.704,-98.403,0
768,1770,20.017,-98.64,20.123,-98.17,0
768,1778,20.017,-98.64,20.08,-98.727,0
768,1841,20.017,-98.64,19.731,-98.635,0
768,1870,20.017,-98.64,20.053,-98.757,0
768,1916,20.017,-98.64,20.021,-98.79,0
768,1918,20.017,-98.64,20.535,-98.481,0
768,2059,20.017,-98.64,20.101,-98.724,0
768,2065,20.017,-98.64,20.173,-98.313,0
768,2171,20.017,-98.64,20.07,-98.697,0
768,2182,20.017,-98.64,20.143,-98.341,0
768,2186,20.017,-98.64,20.073,-98.417,0
768,2187,20.017,-98.64,20.1,-98.706,0
768,2239,20.017,-98.64,20.114,-98.42,0
768,2317,20.017,-98.64,19.91,-98.669,0
768,2415,20.017,-98.64,20.285,-98.663,0
768,2450,20.017,-98.64,19.818,-98.603,0
768,2563,20.017,-98.64,20.026,-98.84,0
768,2589,20.017,-98.64,19.655,-98.546,0
768,2766,20.017,-98.64,20.109,-98.888,0
768,2811,20.017,-98.64,20.14,-98.678,0
768,3035,20.017,-98.64,19.786,-98.549,0
768,3065,20.017,-98.64,20.046,-98.356,0
768,3094,20.017,-98.64,20.062,-98.716,0
768,3144,20.017,-98.64,20.037,-98.322,0
768,3154,20.017,-98.64,19.838,-98.034,0
768,3219,20.017,-98.64,20.65,-98.648,0
768,3287,20.017,-98.64,19.711,-98.451,0
768,3310,20.017,-98.64,19.769,-98.58,0
768,3455,20.017,-98.64,20.173,-98.06,0
768,3522,20.017,-98.64,20.092,-98.363,0
768,3579,20.017,-98.64,20.085,-98.763,0
783,849,20.301,-98.164,19.978,-98.788,0
783,904,20.301,-98.164,20.063,-98.42,0
783,935,20.301,-98.164,20.103,-98.832,0
783,990,20.301,-98.164,20.082,-98.737,0
783,1060,20.301,-98.164,20.277,-98.147,0
783,1107,20.301,-98.164,19.855,-98.747,0
783,1187,20.301,-98.164,20.055,-98.763,0
783,1218,20.301,-98.164,20.067,-98.732,0
783,1336,20.301,-98.164,20.158,-98.161,0
783,1382,20.301,-98.164,19.804,-98.699,0
783,1413,20.301,-98.164,20.157,-98.204,0
783,1435,20.301,-98.164,19.97,-98.519,0
783,1476,20.301,-98.164,20.198,-98.204,0
783,1760,20.301,-98.164,19.704,-98.403,0
783,1770,20.301,-98.164,20.123,-98.17,0
783,1778,20.301,-98.164,20.08,-98.727,0
783,1841,20.301,-98.164,19.731,-98.635,0
783,1870,20.301,-98.164,20.053,-98.757,0
783,1916,20.301,-98.164,20.021,-98.79,0
783,1918,20.301,-98.164,20.535,-98.481,0
783,2059,20.301,-98.164,20.101,-98.724,0
783,2065,20.301,-98.164,20.173,-98.313,0
783,2171,20.301,-98.164,20.07,-98.697,0
783,2182,20.301,-98.164,20.143,-98.341,0
783,2186,20.301,-98.164,20.073,-98.417,0
783,2187,20.301,-98.164,20.1,-98.706,0
783,2239,20.301,-98.164,20.114,-98.42,0
783,2317,20.301,-98.164,19.91,-98.669,0
783,2415,20.301,-98.164,20.285,-98.663,0
783,2450,20.301,-98.164,19.818,-98.603,0
783,2563,20.301,-98.164,20.026,-98.84,0
783,2589,20.301,-98.164,19.655,-98.546,0
783,2766,20.301,-98.164,20.109,-98.888,0
783,2811,20.301,-98.164,20.14,-98.678,0
783,3035,20.301,-98.164,19.786,-98.549,0
783,3065,20.301,-98.164,20.046,-98.356,0
783,3094,20.301,-98.164,20.062,-98.716,0
783,3144,20.301,-98.164,20.037,-98.322,0
783,3154,20.301,-98.164,19.838,-98.034,0
783,3219,20.301,-98.164,20.65,-98.648,0
783,3287,20.301,-98.164,19.711,-98.451,0
783,3310,20.301,-98.164,19.769,-98.58,0
783,3455,20.301,-98.164,20.173,-98.06,0
783,3522,20.301,-98.164,20.092,-98.363,0
783,3579,20.301,-98.164,20.085,-98.763,0
849,904,19.978,-98.788,20.063,-98.42,0
849,935,19.978,-98.788,20.103,-98.832,0
849,990,19.978,-98.788,20.082,-98.737,0
849,1060,19.978,-98.788,20.277,-98.147,0
849,1107,19.978,-98.788,19.855,-98.747,0
849,1187,19.978,-98.788,20.055,-98.763,0
849,1218,19.978,-98.788,20.067,-98.732,0
849,1336,19.978,-98.788,20.158,-98.161,0
849,1382,19.978,-98.788,19.804,-98.699,0
849,1413,19.978,-98.788,20.157,-98.204,0
849,1435,19.978,-98.788,19.97,-98.519,0
849,1476,19.978,-98.788,20.198,-98.204,0
849,1760,19.978,-98.788,19.704,-98.403,0
849,1770,19.978,-98.788,20.123,-98.17,0
849,1778,19.978,-98.788,20.08,-98.727,0
849,1841,19.978,-98.788,19.731,-98.635,0
849,1870,19.978,-98.788,20.053,-98.757,0
849,1916,19.978,-98.788,20.021,-98.79,0
849,1918,19.978,-98.788,20.535,-98.481,0
849,2059,19.978,-98.788,20.101,-98.724,0
849,2065,19.978,-98.788,20.173,-98.313,0
849,2171,19.978,-98.788,20.07,-98.697,0
849,2182,19.978,-98.788,20.143,-98.341,0
849,2186,19.978,-98.788,20.073,-98.417,0
849,2187,19.978,-98.788,20.1,-98.706,0
849,2239,19.978,-98.788,20.114,-98.42,0
849,2317,19.978,-98.788,19.91,-98.669,0
849,2415,19.978,-98.788,20.285,-98.663,0
849,2450,19.978,-98.788,19.818,-98.603,0
849,2563,19.978,-98.788,20.026,-98.84,0
849,2589,19.978,-98.788,19.655,-98.546,0
849,2766,19.978,-98.788,20.109,-98.888,0
849,2811,19.978,-98.788,20.14,-98.678,0
849,3035,19.978,-98.788,19.786,-98.549,0
849,3065,19.978,-98.788,20.046,-98.356,0
849,3094,19.978,-98.788,20.062,-98.716,0
849,3144,19.978,-98.788,20.037,-98.322,0
849,3154,19.978,-98.788,19.838,-98.034,0
849,3219,19.978,-98.788,20.65,-98.648,0
849,3287,19.978,-98.788,19.711,-98.451,0
849,3310,19.978,-98.788,19.769,-98.58,0
849,3455,19.978,-98.788,20.173,-98.06,0
849,3522,19.978,-98.788,20.092,-98.363,0
849,3579,19.978,-98.788,20.085,-98.763,0
904,935,20.063,-98.42,20.103,-98.832,0
904,990,20.063,-98.42,20.082,-98.737,0
904,1060,20.063,-98.42,20.277,-98.147,0
904,1107,20.063,-98.42,19.855,-98.747,0
904,1187,20.063,-98.42,20.055,-98.763,0
904,1218,20.063,-98.42,20.067,-98.732,0
904,1336,20.063,-98.42,20.158,-98.161,0
904,1382,20.063,-98.42,19.804,-98.699,0
904,1413,20.063,-98.42,20.157,-98.204,0
904,1435,20.063,-98.42,19.97,-98.519,0
904,1476,20.063,-98.42,20.198,-98.204,0
904,1760,20.063,-98.42,19.704,-98.403,0
904,1770,20.063,-98.42,20.123,-98.17,0
904,1778,20.063,-98.42,20.08,-98.727,0
904,1841,20.063,-98.42,19.731,-98.635,0
904,1870,20.063,-98.42,20.053,-98.757,0
904,1916,20.063,-98.42,20.021,-98.79,0
904,1918,20.063,-98.42,20.535,-98.481,0
904,2059,20.063,-98.42,20.101,-98.724,0
904,2065,20.063,-98.42,20.173,-98.313,0
904,2171,20.063,-98.42,20.07,-98.697,0
904,2182,20.063,-98.42,20.143,-98.341,0
904,2186,20.063,-98.42,20.073,-98.417,0
904,2187,20.063,-98.42,20.1,-98.706,0
904,2239,20.063,-98.42,20.114,-98.42,0
904,2317,20.063,-98.42,19.91,-98.669,0
904,2415,20.063,-98.42,20.285,-98.663,0
904,2450,20.063,-98.42,19.818,-98.603,0
904,2563,20.063,-98.42,20.026,-98.84,0
904,2589,20.063,-98.42,19.655,-98.546,0
904,2766,20.063,-98.42,20.109,-98.888,0
904,2811,20.063,-98.42,20.14,-98.678,0
904,3035,20.063,-98.42,19.786,-98.549,0
904,3065,20.063,-98.42,20.046,-98.356,0
904,3094,20.063,-98.42,20.062,-98.716,0
904,3144,20.063,-98.42,20.037,-98.322,0
904,3154,20.063,-98.42,19.838,-98.034,0
904,3219,20.063,-98.42,20.65,-98.648,0
904,3287,20.063,-98.42,19.711,-98.451,0
904,3310,20.063,-98.42,19.769,-98.58,0
904,3455,20.063,-98.42,20.173,-98.06,0
904,3522,20.063,-98.42,20.092,-98.363,0
904,3579,20.063,-98.42,20.085,-98.763,0
935,990,20.103,-98.832,20.082,-98.737,0
935,1060,20.103,-98.832,20.277,-98.147,0
935,1107,20.103,-98.832,19.855,-98.747,0
935,1187,20.103,-98.832,20.055,-98.763,0
935,1218,20.103,-98.832,20.067,-98.732,0
935,1336,20.103,-98.832,20.158,-98.161,0
935,1382,20.103,-98.832,19.804,-98.699,0
935,1413,20.103,-98.832,20.157,-98.204,0
935,1435,20.103,-98.832,19.97,-98.519,0
935,1476,20.103,-98.832,20.198,-98.204,0
935,1760,20.103,-98.832,19.704,-98.403,0
935,1770,20.103,-98.832,20.123,-98.17,0
935,1778,20.103,-98.832,20.08,-98.727,0
935,1841,20.103,-98.832,19.731,-98.635,0
935,1870,20.103,-98.832,20.053,-98.757,0
935,1916,20.103,-98.832,20.021,-98.79,0
935,1918,20.103,-98.832,20.535,-98.481,0
935,2059,20.103,-98.832,20.101,-98.724,0
935,2065,20.103,-98.832,20.173,-98.313,0
935,2171,20.103,-98.832,20.07,-98.697,0
935,2182,20.103,-98.832,20.143,-98.341,0
935,2186,20.103,-98.832,20.073,-98.417,0
935,2187,20.103,-98.832,20.1,-98.706,0
935,2239,20.103,-98.832,20.114,-98.42,0
935,2317,20.103,-98.832,19.91,-98.669,0
935,2415,20.103,-98.832,20.285,-98.663,0
935,2450,20.103,-98.832,19.818,-98.603,0
935,2563,20.103,-98.832,20.026,-98.84,0
935,2589,20.103,-98.832,19.655,-98.546,0
935,2766,20.103,-98.832,20.109,-98.888,0
935,2811,20.103,-98.832,20.14,-98.678,0
935,3035,20.103,-98.832,19.786,-98.549,0
935,3065,20.103,-98.832,20.046,-98.356,0
935,3094,20.103,-98.832,20.062,-98.716,0
935,3144,20.103,-98.832,20.037,-98.322,0
935,3154,20.103,-98.832,19.838,-98.034,0
935,3219,20.103,-98.832,20.65,-98.648,0
935,3287,20.103,-98.832,19.711,-98.451,0
935,3310,20.103,-98.832,19.769,-98.58,0
935,3455,20.103,-98.832,20.173,-98.06,0
935,3522,20.103,-98.832,20.092,-98.363,0
935,3579,20.103,-98.832,20.085,-98.763,0
990,1060,20.082,-98.737,20.277,-98.147,0
990,1107,20.082,-98.737,19.855,-98.747,0
990,1187,20.082,-98.737,20.055,-98.763,0
990,1218,20.082,-98.737,20.067,-98.732,0
990,1336,20.082,-98.737,20.158,-98.161,0
990,1382,20.082,-98.737,19.804,-98.699,0
990,1413,20.082,-98.737,20.157,-98.204,0
990,1435,20.082,-98.737,19.97,-98.519,0
990,1476,20.082,-98.737,20.198,-98.204,0
990,1760,20.082,-98.737,19.704,-98.403,0
990,1770,20.082,-98.737,20.123,-98.17,0
990,1778,20.082,-98.737,20.08,-98.727,0
990,1841,20.082,-98.737,19.731,-98.635,0
990,1870,20.082,-98.737,20.053,-98.757,0
990,1916,20.082,-98.737,20.021,-98.79,0
990,1918,20.082,-98.737,20.535,-98.481,0
990,2059,20.082,-98.737,20.101,-98.724,0
990,2065,20.082,-98.737,20.173,-98.313,0
990,2171,20.082,-98.737,20.07,-98.697,0
990,2182,20.082,-98.737,20.143,-98.341,0
990,2186,20.082,-98.737,20.073,-98.417,0
990,2187,20.082,-98.737,20.1,-98.706,0
990,2239,20.082,-98.737,20.114,-98.42,0
990,2317,20.082,-98.737,19.91,-98.669,0
990,2415,20.082,-98.737,20.285,-98.663,0
990,2450,20.082,-98.737,19.818,-98.603,0
990,2563,20.082,-98.737,20.026,-98.84,0
990,2589,20.082,-98.737,19.655,-98.546,0
990,2766,20.082,-98.737,20.109,-98.888,0
990,2811,20.082,-98.737,20.14,-98.678,0
990,3035,20.082,-98.737,19.786,-98.549,0
990,3065,20.082,-98.737,20.046,-98.356,0
990,3094,20.082,-98.737,20.062,-98.716,0
990,3144,20.082,-98.737,20.037,-98.322,0
990,3154,20.082,-98.737,19.838,-98.034,0
990,3219,20.082,-98.737,20.65,-98.648,0
990,3287,20.082,-98.737,19.711,-98.451,0
990,3310,20.082,-98.737,19.769,-98.58,0
990,3455,20.082,-98.737,20.173,-98.06,0
990,3522,20.082,-98.737,20.092,-98.363,0
990,3579,20.082,-98.737,20.085,-98.763,0
1060,1107,20.277,-98.147,19.855,-98.747,0
1060,1187,20.277,-98.147,20.055,-98.763,0
1060,1218,20.277,-98.147,20.067,-98.732,0
1060,1336,20.277,-98.147,20.158,-98.161,0
1060,1382,20.277,-98.147,19.804,-98.699,0
1060,1413,20.277,-98.147,20.157,-98.204,0
1060,1435,20.277,-98.147,19.97,-98.519,0
1060,1476,20.277,-98.147,20.198,-98.204,0
1060,1760,20.277,-98.147,19.704,-98.403,0
1060,1770,20.277,-98.147,20.123,-98.17,0
1060,1778,20.277,-98.147,20.08,-98.727,0
1060,1841,20.277,-98.147,19.731,-98.635,0
1060,1870,20.277,-98.147,20.053,-98.757,0
1060,1916,20.277,-98.147,20.021,-98.79,0
1060,1918,20.277,-98.147,20.535,-98.481,0
1060,2059,20.277,-98.147,20.101,-98.724,0
1060,2065,20.277,-98.147,20.173,-98.313,0
1060,2171,20.277,-98.147,20.07,-98.697,0
1060,2182,20.277,-98.147,20.143,-98.341,0
1060,2186,20.277,-98.147,20.073,-98.417,0
1060,2187,20.277,-98.147,20.1,-98.706,0
1060,2239,20.277,-98.147,20.114,-98.42,0
1060,2317,20.277,-98.147,19.91,-98.669,0
1060,2415,20.277,-98.147,20.285,-98.663,0
1060,2450,20.277,-98.147,19.818,-98.603,0
1060,2563,20.277,-98.147,20.026,-98.84,0
1060,2589,20.277,-98.147,19.655,-98.546,0
1060,2766,20.277,-98.147,20.109,-98.888,0
1060,2811,20.277,-98.147,20.14,-98.678,0
1060,3035,20.277,-98.147,19.786,-98.549,0
1060,3065,20.277,-98.147,20.046,-98.356,0
1060,3094,20.277,-98.147,20.062,-98.716,0
1060,3144,20.277,-98.147,20.037,-98.322,0
1060,3154,20.277,-98.147,19.838,-98.034,0
1060,3219,20.277,-98.147,20.65,-98.648,0
1060,3287,20.277,-98.147,19.711,-98.451,0
1060,3310,20.277,-98.147,19.769,-98.58,0
1060,3455,20.277,-98.147,20.173,-98.06,0
1060,3522,20.277,-98.147,20.092,-98.363,0
1060,3579,20.277,-98.147,20.085,-98.763,0
1107,1187,19.855,-98.747,20.055,-98.763,0
1107,1218,19.855,-98.747,20.067,-98.732,0
1107,1336,19.855,-98.747,20.158,-98.161,0
1107,1382,19.855,-98.747,19.804,-98.699,0
1107,1413,19.855,-98.747,20.157,-98.204,0
1107,1435,19.855,-98.747,19.97,-98.519,0
1107,1476,19.855,-98.747,20.198,-98.204,0
1107,1760,19.855,-98.747,19.704,-98.403,0
1107,1770,19.855,-98.747,20.123,-98.17,0
1107,1778,19.855,-98.747,20.08,-98.727,0
1107,1841,19.855,-98.747,19.731,-98.635,0
1107,1870,19.855,-98.747,20.053,-98.757,0
1107,1916,19.855,-98.747,20.021,-98.79,0
1107,1918,19.855,-98.747,20.535,-98.481,0
1107,2059,19.855,-98.747,20.101,-98.724,0
1107,2065,19.855,-98.747,20.173,-98.313,0
1107,2171,19.855,-98.747,20.07,-98.697,0
1107,2182,19.855,-98.747,20.143,-98.341,0
1107,2186,19.855,-98.747,20.073,-98.417,0
1107,2187,19.855,-98.747,20.1,-98.706,0
1107,2239,19.855,-98.747,20.114,-98.42,0
1107,2317,19.855,-98.747,19.91,-98.669,0
1107,2415,19.855,-98.747,20.285,-98.663,0
1107,2450,19.855,-98.747,19.818,-98.603,0
1107,2563,19.855,-98.747,20.026,-98.84,0
1107,2589,19.855,-98.747,19.655,-98.546,0
1107,2766,19.855,-98.747,20.109,-98.888,0
1107,2811,19.855,-98.747,20.14,-98.678,0
1107,3035,19.855,-98.747,19.786,-98.549,0
1107,3065,19.855,-98.747,20.046,-98.356,0
1107,3094,19.855,-98.747,20.062,-98.716,0
1107,3144,19.855,-98.747,20.037,-98.322,0
1107,3154,19.855,-98.747,19.838,-98.034,0
1107,3219,19.855,-98.747,20.65,-98.648,0
1107,3287,19.855,-98.747,19.711,-98.451,0
1107,3310,19.855,-98.747,19.769,-98.58,0
1107,3455,19.855,-98.747,20.173,-98.06,0
1107,3522,19.855,-98.747,20.092,-98.363,0
1107,3579,19.855,-98.747,20.085,-98.763,0
1187,1218,20.055,-98.763,20.067,-98.732,0
1187,1336,20.055,-98.763,20.158,-98.161,0
1187,1382,20.055,-98.763,19.804,-98.699,0
1187,1413,20.055,-98.763,20.157,-98.204,0
1187,1435,20.055,-98.763,19.97,-98.519,0
1187,1476,20.055,-98.763,20.198,-98.204,0
1187,1760,20.055,-98.763,19.704,-98.403,0
1187,1770,20.055,-98.763,20.123,-98.17,0
1187,1778,20.055,-98.763,20.08,-98.727,0
1187,1841,20.055,-98.763,19.731,-98.635,0
1187,1870,20.055,-98.763,20.053,-98.757,0
1187,1916,20.055,-98.763,20.021,-98.79,0
1187,1918,20.055,-98.763,20.535,-98.481,0
1187,2059,20.055,-98.763,20.101,-98.724,0
1187,2065,20.055,-98.763,20.173,-98.313,0
1187,2171,20.055,-98.763,20.07,-98.697,0
1187,2182,20.055,-98.763,20.143,-98.341,0
1187,2186,20.055,-98.763,20.073,-98.417,0
1187,2187,20.055,-98.763,20.1,-98.706,0
1187,2239,20.055,-98.763,20.114,-98.42,0
1187,2317,20.055,-98.763,19.91,-98.669,0
1187,2415,20.055,-98.763,20.285,-98.663,0
1187,2450,20.055,-98.763,19.818,-98.603,0
1187,2563,20.055,-98.763,20.026,-98.84,0
1187,2589,20.055,-98.763,19.655,-98.546,0
1187,2766,20.055,-98.763,20.109,-98.888,0
1187,2811,20.055,-98.763,20.14,-98.678,0
1187,3035,20.055,-98.763,19.786,-98.549,0
1187,3065,20.055,-98.763,20.046,-98.356,0
1187,3094,20.055,-98.763,20.062,-98.716,0
1187,3144,20.055,-98.763,20.037,-98.322,0
1187,3154,20.055,-98.763,19.838,-98.034,0
1187,3219,20.055,-98.763,20.65,-98.648,0
1187,3287,20.055,-98.763,19.711,-98.451,0
1187,3310,20.055,-98.763,19.769,-98.58,0
1187,3455,20.055,-98.763,20.173,-98.06,0
1187,3522,20.055,-98.763,20.092,-98.363,0
1187,3579,20.055,-98.763,20.085,-98.763,0
1218,1336,20.067,-98.732,20.158,-98.161,0
1218,1382,20.067,-98.732,19.804,-98.699,0
1218,1413,20.067,-98.732,20.157,-98.204,0
1218,1435,20.067,-98.732,19.97,-98.519,0
1218,1476,20.067,-98.732,20.198,-98.204,0
1218,1760,20.067,-98.732,19.704,-98.403,0
1218,1770,20.067,-98.732,20.123,-98.17,0
1218,1778,20.067,-98.732,20.08,-98.727,0
1218,1841,20.067,-98.732,19.731,-98.635,0
1218,1870,20.067,-98.732,20.053,-98.757,0
1218,1916,20.067,-98.732,20.021,-98.79,0
1218,1918,20.067,-98.732,20.535,-98.481,0
1218,2059,20.067,-98.732,20.101,-98.724,0
1218,2065,20.067,-98.732,20.173,-98.313,0
1218,2171,20.067,-98.732,20.07,-98.697,0
1218,2182,20.067,-98.732,20.143,-98.341,0
1218,2186,20.067,-98.732,20.073,-98.417,0
1218,2187,20.067,-98.732,20.1,-98.706,0
1218,2239,20.067,-98.732,20.114,-98.42,0
1218,2317,20.067,-98.732,19.91,-98.669,0
1218,2415,20.067,-98.732,20.285,-98.663,0
1218,2450,20.067,-98.732,19.818,-98.603,0
1218,2563,20.067,-98.732,20.026,-98.84,0
1218,2589,20.067,-98.732,19.655,-98.546,0
1218,2766,20.067,-98.732,20.109,-98.888,0
1218,2811,20.067,-98.732,20.14,-98.678,0
1218,3035,20.067,-98.732,19.786,-98.549,0
1218,3065,20.067,-98.732,20.046,-98.356,0
1218,3094,20.067,-98.732,20.062,-98.716,0
1218,3144,20.067,-98.732,20.037,-98.322,0
1218,3154,20.067,-98.732,19.838,-98.034,0
1218,3219,20.067,-98.732,20.65,-98.648,0
1218,3287,20.067,-98.732,19.711,-98.451,0
1218,3310,20.067,-98.732,19.769,-98.58,0
1218,3455,20.067,-98.732,20.173,-98.06,0
1218,3522,20.067,-98.732,20.092,-98.363,0
1218,3579,20.067,-98.732,20.085,-98.763,0
1336,1382,20.158,-98.161,19.804,-98.699,0
1336,1413,20.158,-98.161,20.157,-98.204,0
1336,1435,20.158,-98.161,19.97,-98.519,0
1336,1476,20.158,-98.161,20.198,-98.204,0
1336,1760,20.158,-98.161,19.704,-98.403,0
1336,1770,20.158,-98.161,20.123,-98.17,0
1336,1778,20.158,-98.161,20.08,-98.727,0
1336,1841,20.158,-98.161,19.731,-98.635,0
1336,1870,20.158,-98.161,20.053,-98.757,0
1336,1916,20.158,-98.161,20.021,-98.79,0
1336,1918,20.158,-98.161,20.535,-98.481,0
1336,2059,20.158,-98.161,20.101,-98.724,0
1336,2065,20.158,-98.161,20.173,-98.313,0
1336,2171,20.158,-98.161,20.07,-98.697,0
1336,2182,20.158,-98.161,20.143,-98.341,0
1336,2186,20.158,-98.161,20.073,-98.417,0
1336,2187,20.158,-98.161,20.1,-98.706,0
1336,2239,20.158,-98.161,20.114,-98.42,0
1336,2317,20.158,-98.161,19.91,-98.669,0
1336,2415,20.158,-98.161,20.285,-98.663,0
1336,2450,20.158,-98.161,19.818,-98.603,0
1336,2563,20.158,-98.161,20.026,-98.84,0
1336,2589,20.158,-98.161,19.655,-98.546,0
1336,2766,20.158,-98.161,20.109,-98.888,0
1336,2811,20.158,-98.161,20.14,-98.678,0
1336,3035,20.158,-98.161,19.786,-98.549,0
1336,3065,20.158,-98.161,20.046,-98.356,0
1336,3094,20.158,-98.161,20.062,-98.716,0
1336,3144,20.158,-98.161,20.037,-98.322,0
1336,3154,20.158,-98.161,19.838,-98.034,0
1336,3219,20.158,-98.161,20.65,-98.648,0
1336,3287,20.158,-98.161,19.711,-98.451,0
1336,3310,20.158,-98.161,19.769,-98.58,0
1336,3455,20.158,-98.161,20.173,-98.06,0
1336,3522,20.158,-98.161,20.092,-98.363,0
1336,3579,20.158,-98.161,20.085,-98.763,0
1382,1413,19.804,-98.699,20.157,-98.204,0
1382,1435,19.804,-98.699,19.97,-98.519,0
1382,1476,19.804,-98.699,20.198,-98.204,0
1382,1760,19.804,-98.699,19.704,-98.403,0
1382,1770,19.804,-98.699,20.123,-98.17,0
1382,1778,19.804,-98.699,20.08,-98.727,0
1382,1841,19.804,-98.699,19.731,-98.635,0
1382,1870,19.804,-98.699,20.053,-98.757,0
1382,1916,19.804,-98.699,20.021,-98.79,0
1382,1918,19.804,-98.699,20.535,-98.481,0
1382,2059,19.804,-98.699,20.101,-98.724,0
1382,2065,19.804,-98.699,20.173,-98.313,0
1382,2171,19.804,-98.699,20.07,-98.697,0
1382,2182,19.804,-98.699,20.143,-98.341,0
1382,2186,19.804,-98.699,20.073,-98.417,0
1382,2187,19.804,-98.699,20.1,-98.706,0
1382,2239,19.804,-98.699,20.114,-98.42,0
1382,2317,19.804,-98.699,19.91,-98.669,0
1382,2415,19.804,-98.699,20.285,-98.663,0
1382,2450,19.804,-98.699,19.818,-98.603,0
1382,2563,19.804,-98.699,20.026,-98.84,0
1382,2589,19.804,-98.699,19.655,-98.546,0
1382,2766,19.804,-98.699,20.109,-98.888,0
1382,2811,19.804,-98.699,20.14,-98.678,0
1382,3035,19.804,-98.699,19.786,-98.549,0
1382,3065,19.804,-98.699,20.046,-98.356,0
1382,3094,19.804,-98.699,20.062,-98.716,0
1382,3144,19.804,-98.699,20.037,-98.322,0
1382,3154,19.804,-98.699,19.838,-98.034,0
1382,3219,19.804,-98.699,20.65,-98.648,0
1382,3287,19.804,-98.699,19.711,-98.451,0
1382,3310,19.804,-98.699,19.769,-98.58,0
1382,3455,19.804,-98.699,20.173,-98.06,0
1382,3522,19.804,-98.699,20.092,-98.363,0
1382,3579,19.804,-98.699,20.085,-98.763,0
1413,1435,20.157,-98.204,19.97,-98.519,0
1413,1476,20.157,-98.204,20.198,-98.204,0
1413,1760,20.157,-98.204,19.704,-98.403,0
1413,1770,20.157,-98.204,20.123,-98.17,0
1413,1778,20.157,-98.204,20.08,-98.727,0
1413,1841,20.157,-98.204,19.731,-98.635,0
1413,1870,20.157,-98.204,20.053,-98.757,0
1413,1916,20.157,-98.204,20.021,-98.79,0
1413,1918,20.157,-98.204,20.535,-98.481,0
1413,2059,20.157,-98.204,20.101,-98.724,0
1413,2065,20.157,-98.204,20.173,-98.313,0
1413,2171,20.157,-98.204,20.07,-98.697,0
1413,2182,20.157,-98.204,20.143,-98.341,0
1413,2186,20.157,-98.204,20.073,-98.417,0
1413,2187,20.157,-98.204,20.1,-98.706,0
1413,2239,20.157,-98.204,20.114,-98.42,0
1413,2317,20.157,-98.204,19.91,-98.669,0
1413,2415,20.157,-98.204,20.285,-98.663,0
1413,2450,20.157,-98.204,19.818,-98.603,0
1413,2563,20.157,-98.204,20.026,-98.84,0
1413,2589,20.157,-98.204,19.655,-98.546,0
1413,2766,20.157,-98.204,20.109,-98.888,0
1413,2811,20.157,-98.204,20.14,-98.678,0
1413,3035,20.157,-98.204,19.786,-98.549,0
1413,3065,20.157,-98.204,20.046,-98.356,0
1413,3094,20.157,-98.204,20.062,-98.716,0
1413,3144,20.157,-98.204,20.037,-98.322,0
1413,3154,20.157,-98.204,19.838,-98.034,0
1413,3219,20.157,-98.204,20.65,-98.648,0
1413,3287,20.157,-98.204,19.711,-98.451,0
1413,3310,20.157,-98.204,19.769,-98.58,0
1413,3455,20.157,-98.204,20.173,-98.06,0
1413,3522,20.157,-98.204,20.092,-98.363,0
1413,3579,20.157,-98.204,20.085,-98.763,0
1435,1476,19.97,-98.519,20.198,-98.204,0
1435,1760,19.97,-98.519,19.704,-98.403,0
1435,1770,19.97,-98.519,20.123,-98.17,0
1435,1778,19.97,-98.519,20.08,-98.727,0
1435,1841,19.97,-98.519,19.731,-98.635,0
1435,1870,19.97,-98.519,20.053,-98.757,0
1435,1916,19.97,-98.519,20.021,-98.79,0
1435,1918,19.97,-98.519,20.535,-98.481,0
1435,2059,19.97,-98.519,20.101,-98.724,0
1435,2065,19.97,-98.519,20.173,-98.313,0
1435,2171,19.97,-98.519,20.07,-98.697,0
1435,2182,19.97,-98.519,20.143,-98.341,0
1435,2186,19.97,-98.519,20.073,-98.417,0
1435,2187,19.97,-98.519,20.1,-98.706,0
1435,2239,19.97,-98.519,20.114,-98.42,0
1435,2317,19.97,-98.519,19.91,-98.669,0
1435,2415,19.97,-98.519,20.285,-98.663,0
1435,2450,19.97,-98.519,19.818,-98.603,0
1435,2563,19.97,-98.519,20.026,-98.84,0
1435,2589,19.97,-98.519,19.655,-98.546,0
1435,2766,19.97,-98.519,20.109,-98.888,0
1435,2811,19.97,-98.519,20.14,-98.678,0
1435,3035,19.97,-98.519,19.786,-98.549,0
1435,3065,19.97,-98.519,20.046,-98.356,0
1435,3094,19.97,-98.519,20.062,-98.716,0
1435,3144,19.97,-98.519,20.037,-98.322,0
1435,3154,19.97,-98.519,19.838,-98.034,0
1435,3219,19.97,-98.519,20.65,-98.648,0
1435,3287,19.97,-98.519,19.711,-98.451,0
1435,3310,19.97,-98.519,19.769,-98.58,0
1435,3455,19.97,-98.519,20.173,-98.06,0
1435,3522,19.97,-98.519,20.092,-98.363,0
1435,3579,19.97,-98.519,20.085,-98.763,0
1476,1760,20.198,-98.204,19.704,-98.403,0
1476,1770,20.198,-98.204,20.123,-98.17,0
1476,1778,20.198,-98.204,20.08,-98.727,0
1476,1841,20.198,-98.204,19.731,-98.635,0
1476,1870,20.198,-98.204,20.053,-98.757,0
1476,1916,20.198,-98.204,20.021,-98.79,0
1476,1918,20.198,-98.204,20.535,-98.481,0
1476,2059,20.198,-98.204,20.101,-98.724,0
1476,2065,20.198,-98.204,20.173,-98.313,0
1476,2171,20.198,-98.204,20.07,-98.697,0
1476,2182,20.198,-98.204,20.143,-98.341,0
1476,2186,20.198,-98.204,20.073,-98.417,0
1476,2187,20.198,-98.204,20.1,-98.706,0
1476,2239,20.198,-98.204,20.114,-98.42,0
1476,2317,20.198,-98.204,19.91,-98.669,0
1476,2415,20.198,-98.204,20.285,-98.663,0
1476,2450,20.198,-98.204,19.818,-98.603,0
1476,2563,20.198,-98.204,20.026,-98.84,0
1476,2589,20.198,-98.204,19.655,-98.546,0
1476,2766,20.198,-98.204,20.109,-98.888,0
1476,2811,20.198,-98.204,20.14,-98.678,0
1476,3035,20.198,-98.204,19.786,-98.549,0
1476,3065,20.198,-98.204,20.046,-98.356,0
1476,3094,20.198,-98.204,20.062,-98.716,0
1476,3144,20.198,-98.204,20.037,-98.322,0
1476,3154,20.198,-98.204,19.838,-98.034,0
1476,3219,20.198,-98.204,20.65,-98.648,0
1476,3287,20.198,-98.204,19.711,-98.451,0
1476,3310,20.198,-98.204,19.769,-98.58,0
1476,3455,20.198,-98.204,20.173,-98.06,0
1476,3522,20.198,-98.204,20.092,-98.363,0
1476,3579,20.198,-98.204,20.085,-98.763,0
1760,1770,19.704,-98.403,20.123,-98.17,0
1760,1778,19.704,-98.403,20.08,-98.727,0
1760,1841,19.704,-98.403,19.731,-98.635,0
1760,1870,19.704,-98.403,20.053,-98.757,0
1760,1916,19.704,-98.403,20.021,-98.79,0
1760,1918,19.704,-98.403,20.535,-98.481,0
1760,2059,19.704,-98.403,20.101,-98.724,0
1760,2065,19.704,-98.403,20.173,-98.313,0
1760,2171,19.704,-98.403,20.07,-98.697,0
1760,2182,19.704,-98.403,20.143,-98.341,0
1760,2186,19.704,-98.403,20.073,-98.417,0
1760,2187,19.704,-98.403,20.1,-98.706,0
1760,2239,19.704,-98.403,20.114,-98.42,0
1760,2317,19.704,-98.403,19.91,-98.669,0
1760,2415,19.704,-98.403,20.285,-98.663,0
1760,2450,19.704,-98.403,19.818,-98.603,0
1760,2563,19.704,-98.403,20.026,-98.84,0
1760,2589,19.704,-98.403,19.655,-98.546,0
1760,2766,19.704,-98.403,20.109,-98.888,0
1760,2811,19.704,-98.403,20.14,-98.678,0
1760,3035,19.704,-98.403,19.786,-98.549,0
1760,3065,19.704,-98.403,20.046,-98.356,0
1760,3094,19.704,-98.403,20.062,-98.716,0
1760,3144,19.704,-98.403,20.037,-98.322,0
1760,3154,19.704,-98.403,19.838,-98.034,0
1760,3219,19.704,-98.403,20.65,-98.648,0
1760,3287,19.704,-98.403,19.711,-98.451,0
1760,3310,19.704,-98.403,19.769,-98.58,0
1760,3455,19.704,-98.403,20.173,-98.06,0
1760,3522,19.704,-98.403,20.092,-98.363,0
1760,3579,19.704,-98.403,20.085,-98.763,0
1770,1778,20.123,-98.17,20.08,-98.727,0
1770,1841,20.123,-98.17,19.731,-98.635,0
1770,1870,20.123,-98.17,20.053,-98.757,0
1770,1916,20.123,-98.17,20.021,-98.79,0
1770,1918,20.123,-98.17,20.535,-98.481,0
1770,2059,20.123,-98.17,20.101,-98.724,0
1770,2065,20.123,-98.17,20.173,-98.313,0
1770,2171,20.123,-98.17,20.07,-98.697,0
1770,2182,20.123,-98.17,20.143,-98.341,0
1770,2186,20.123,-98.17,20.073,-98.417,0
1770,2187,20.123,-98.17,20.1,-98.706,0
1770,2239,20.123,-98.17,20.114,-98.42,0
1770,2317,20.123,-98.17,19.91,-98.669,0
1770,2415,20.123,-98.17,20.285,-98.663,0
1770,2450,20.123,-98.17,19.818,-98.603,0
1770,2563,20.123,-98.17,20.026,-98.84,0
1770,2589,20.123,-98.17,19.655,-98.546,0
1770,2766,20.123,-98.17,20.109,-98.888,0
1770,2811,20.123,-98.17,20.14,-98.678,0
1770,3035,20.123,-98.17,19.786,-98.549,0
1770,3065,20.123,-98.17,20.046,-98.356,0
1770,3094,20.123,-98.17,20.062,-98.716,0
1770,3144,20.123,-98.17,20.037,-98.322,0
1770,3154,20.123,-98.17,19.838,-98.034,0
1770,3219,20.123,-98.17,20.65,-98.648,0
1770,3287,20.123,-98.17,19.711,-98.451,0
1770,3310,20.123,-98.17,19.769,-98.58,0
1770,3455,20.123,-98.17,20.173,-98.06,0
1770,3522,20.123,-98.17,20.092,-98.363,0
1770,3579,20.123,-98.17,20.085,-98.763,0
1778,1841,20.08,-98.727,19.731,-98.635,0
1778,1870,20.08,-98.727,20.053,-98.757,0
1778,1916,20.08,-98.727,20.021,-98.79,0
1778,1918,20.08,-98.727,20.535,-98.481,0
1778,2059,20.08,-98.727,20.101,-98.724,0
1778,2065,20.08,-98.727,20.173,-98.313,0
1778,2171,20.08,-98.727,20.07,-98.697,0
1778,2182,20.08,-98.727,20.143,-98.341,0
1778,2186,20.08,-98.727,20.073,-98.417,0
1778,2187,20.08,-98.727,20.1,-98.706,0
1778,2239,20.08,-98.727,20.114,-98.42,0
1778,2317,20.08,-98.727,19.91,-98.669,0
1778,2415,20.08,-98.727,20.285,-98.663,0
1778,2450,20.08,-98.727,19.818,-98.603,0
1778,2563,20.08,-98.727,20.026,-98.84,0
1778,2589,20.08,-98.727,19.655,-98.546,0
1778,2766,20.08,-98.727,20.109,-98.888,0
1778,2811,20.08,-98.727,20.14,-98.678,0
1778,3035,20.08,-98.727,19.786,-98.549,0
1778,3065,20.08,-98.727,20.046,-98.356,0
1778,3094,20.08,-98.727,20.062,-98.716,0
1778,3144,20.08,-98.727,20.037,-98.322,0
1778,3154,20.08,-98.727,19.838,-98.034,0
1778,3219,20.08,-98.727,20.65,-98.648,0
1778,3287,20.08,-98.727,19.711,-98.451,0
1778,3310,20.08,-98.727,19.769,-98.58,0
1778,3455,20.08,-98.727,20.173,-98.06,0
1778,3522,20.08,-98.727,20.092,-98.363,0
1778,3579,20.08,-98.727,20.085,-98.763,0
1841,1870,19.731,-98.635,20.053,-98.757,0
1841,1916,19.731,-98.635,20.021,-98.79,0
1841,1918,19.731,-98.635,20.535,-98.481,0
1841,2059,19.731,-98.635,20.101,-98.724,0
1841,2065,19.731,-98.635,20.173,-98.313,0
1841,2171,19.731,-98.635,20.07,-98.697,0
1841,2182,19.731,-98.635,20.143,-98.341,0
1841,2186,19.731,-98.635,20.073,-98.417,0
1841,2187,19.731,-98.635,20.1,-98.706,0
1841,2239,19.731,-98.635,20.114,-98.42,0
1841,2317,19.731,-98.635,19.91,-98.669,0
1841,2415,19.731,-98.635,20.285,-98.663,0
1841,2450,19.731,-98.635,19.818,-98.603,0
1841,2563,19.731,-98.635,20.026,-98.84,0
1841,2589,19.731,-98.635,19.655,-98.546,0
1841,2766,19.731,-98.635,20.109,-98.888,0
1841,2811,19.731,-98.635,20.14,-98.678,0
1841,3035,19.731,-98.635,19.786,-98.549,0
1841,3065,19.731,-98.635,20.046,-98.356,0
1841,3094,19.731,-98.635,20.062,-98.716,0
1841,3144,19.731,-98.635,20.037,-98.322,0
1841,3154,19.731,-98.635,19.838,-98.034,0
1841,3219,19.731,-98.635,20.65,-98.648,0
1841,3287,19.731,-98.635,19.711,-98.451,0
1841,3310,19.731,-98.635,19.769,-98.58,0
1841,3455,19.731,-98.635,20.173,-98.06,0
1841,3522,19.731,-98.635,20.092,-98.363,0
1841,3579,19.731,-98.635,20.085,-98.763,0
1870,1916,20.053,-98.757,20.021,-98.79,0
1870,1918,20.053,-98.757,20.535,-98.481,0
1870,2059,20.053,-98.757,20.101,-98.724,0
1870,2065,20.053,-98.757,20.173,-98.313,0
1870,2171,20.053,-98.757,20.07,-98.697,0
1870,2182,20.053,-98.757,20.143,-98.341,0
1870,2186,20.053,-98.757,20.073,-98.417,0
1870,2187,20.053,-98.757,20.1,-98.706,0
1870,2239,20.053,-98.757,20.114,-98.42,0
1870,2317,20.053,-98.757,19.91,-98.669,0
1870,2415,20.053,-98.757,20.285,-98.663,0
1870,2450,20.053,-98.757,19.818,-98.603,0
1870,2563,20.053,-98.757,20.026,-98.84,0
1870,2589,20.053,-98.757,19.655,-98.546,0
1870,2766,20.053,-98.757,20.109,-98.888,0
1870,2811,20.053,-98.757,20.14,-98.678,0
1870,3035,20.053,-98.757,19.786,-98.549,0
1870,3065,20.053,-98.757,20.046,-98.356,0
1870,3094,20.053,-98.757,20.062,-98.716,0
1870,3144,20.053,-98.757,20.037,-98.322,0
1870,3154,20.053,-98.757,19.838,-98.034,0
1870,3219,20.053,-98.757,20.65,-98.648,0
1870,3287,20.053,-98.757,19.711,-98.451,0
1870,3310,20.053,-98.757,19.769,-98.58,0
1870,3455,20.053,-98.757,20.173,-98.06,0
1870,3522,20.053,-98.757,20.092,-98.363,0
1870,3579,20.053,-98.757,20.085,-98.763,0
1916,1918,20.021,-98.79,20.535,-98.481,0
1916,2059,20.021,-98.79,20.101,-98.724,0
1916,2065,20.021,-98.79,20.173,-98.313,0
1916,2171,20.021,-98.79,20.07,-98.697,0
1916,2182,20.021,-98.79,20.143,-98.341,0
1916,2186,20.021,-98.79,20.073,-98.417,0
1916,2187,20.021,-98.79,20.1,-98.706,0
1916,2239,20.021,-98.79,20.114,-98.42,0
1916,2317,20.021,-98.79,19.91,-98.669,0
1916,2415,20.021,-98.79,20.285,-98.663,0
1916,2450,20.021,-98.79,19.818,-98.603,0
1916,2563,20.021,-98.79,20.026,-98.84,0
1916,2589,20.021,-98.79,19.655,-98.546,0
1916,2766,20.021,-98.79,20.109,-98.888,0
1916,2811,20.021,-98.79,20.14,-98.678,0
1916,3035,20.021,-98.79,19.786,-98.549,0
1916,3065,20.021,-98.79,20.046,-98.356,0
1916,3094,20.021,-98.79,20.062,-98.716,0
1916,3144,20.021,-98.79,20.037,-98.322,0
1916,3154,20.021,-98.79,19.838,-98.034,0
1916,3219,20.021,-98.79,20.65,-98.648,0
1916,3287,20.021,-98.79,19.711,-98.451,0
1916,3310,20.021,-98.79,19.769,-98.58,0
1916,3455,20.021,-98.79,20.173,-98.06,0
1916,3522,20.021,-98.79,20.092,-98.363,0
1916,3579,20.021,-98.79,20.085,-98.763,0
1918,2059,20.535,-98.481,20.101,-98.724,0
1918,2065,20.535,-98.481,20.173,-98.313,0
1918,2171,20.535,-98.481,20.07,-98.697,0
1918,2182,20.535,-98.481,20.143,-98.341,0
1918,2186,20.535,-98.481,20.073,-98.417,0
1918,2187,20.535,-98.481,20.1,-98.706,0
1918,2239,20.535,-98.481,20.114,-98.42,0
1918,2317,20.535,-98.481,19.91,-98.669,0
1918,2415,20.535,-98.481,20.285,-98.663,0
1918,2450,20.535,-98.481,19.818,-98.603,0
1918,2563,20.535,-98.481,20.026,-98.84,0
1918,2589,20.535,-98.481,19.655,-98.546,0
1918,2766,20.535,-98.481,20.109,-98.888,0
1918,2811,20.535,-98.481,20.14,-98.678,0
1918,3035,20.535,-98.481,19.786,-98.549,0
1918,3065,20.535,-98.481,20.046,-98.356,0
1918,3094,20.535,-98.481,20.062,-98.716,0
1918,3144,20.535,-98.481,20.037,-98.322,0
1918,3154,20.535,-98.481,19.838,-98.034,0
1918,3219,20.535,-98.481,20.65,-98.648,0
1918,3287,20.535,-98.481,19.711,-98.451,0
1918,3310,20.535,-98.481,19.769,-98.58,0
1918,3455,20.535,-98.481,20.173,-98.06,0
1918,3522,20.535,-98.481,20.092,-98.363,0
1918,3579,20.535,-98.481,20.085,-98.763,0
2059,2065,20.101,-98.724,20.173,-98.313,0
2059,2171,20.101,-98.724,20.07,-98.697,0
2059,2182,20.101,-98.724,20.143,-98.341,0
2059,2186,20.101,-98.724,20.073,-98.417,0
2059,2187,20.101,-98.724,20.1,-98.706,0
2059,2239,20.101,-98.724,20.114,-98.42,0
2059,2317,20.101,-98.724,19.91,-98.669,0
2059,2415,20.101,-98.724,20.285,-98.663,0
2059,2450,20.101,-98.724,19.818,-98.603,0
2059,2563,20.101,-98.724,20.026,-98.84,0
2059,2589,20.101,-98.724,19.655,-98.546,0
2059,2766,20.101,-98.724,20.109,-98.888,0
2059,2811,20.101,-98.724,20.14,-98.678,0
2059,3035,20.101,-98.724,19.786,-98.549,0
2059,3065,20.101,-98.724,20.046,-98.356,0
2059,3094,20.101,-98.724,20.062,-98.716,0
2059,3144,20.101,-98.724,20.037,-98.322,0
2059,3154,20.101,-98.724,19.838,-98.034,0
2059,3219,20.101,-98.724,20.65,-98.648,0
2059,3287,20.101,-98.724,19.711,-98.451,0
2059,3310,20.101,-98.724,19.769,-98.58,0
2059,3455,20.101,-98.724,20.173,-98.06,0
2059,3522,20.101,-98.724,20.092,-98.363,0
2059,3579,20.101,-98.724,20.085,-98.763,0
2065,2171,20.173,-98.313,20.07,-98.697,0
2065,2182,20.173,-98.313,20.143,-98.341,0
2065,2186,20.173,-98.313,20.073,-98.417,0
2065,2187,20.173,-98.313,20.1,-98.706,0
2065,2239,20.173,-98.313,20.114,-98.42,0
2065,2317,20.173,-98.313,19.91,-98.669,0
2065,2415,20.173,-98.313,20.285,-98.663,0
2065,2450,20.173,-98.313,19.818,-98.603,0
2065,2563,20.173,-98.313,20.026,-98.84,0
2065,2589,20.173,-98.313,19.655,-98.546,0
2065,2766,20.173,-98.313,20.109,-98.888,0
2065,2811,20.173,-98.313,20.14,-98.678,0
2065,3035,20.173,-98.313,19.786,-98.549,0
2065,3065,20.173,-98.313,20.046,-98.356,0
2065,3094,20.173,-98.313,20.062,-98.716,0
2065,3144,20.173,-98.313,20.037,-98.322,0
2065,3154,20.173,-98.313,19.838,-98.034,0
2065,3219,20.173,-98.313,20.65,-98.648,0
2065,3287,20.173,-98.313,19.711,-98.451,0
2065,3310,20.173,-98.313,19.769,-98.58,0
2065,3455,20.173,-98.313,20.173,-98.06,0
2065,3522,20.173,-98.313,20.092,-98.363,0
2065,3579,20.173,-98.313,20.085,-98.763,0
2171,2182,20.07,-98.697,20.143,-98.341,0
2171,2186,20.07,-98.697,20.073,-98.417,0
2171,2187,20.07,-98.697,20.1,-98.706,0
2171,2239,20.07,-98.697,20.114,-98.42,0
2171,2317,20.07,-98.697,19.91,-98.669,0
2171,2415,20.07,-98.697,20.285,-98.663,0
2171,2450,20.07,-98.697,19.818,-98.603,0
2171,2563,20.07,-98.697,20.026,-98.84,0
2171,2589,20.07,-98.697,19.655,-98.546,0
2171,2766,20.07,-98.697,20.109,-98.888,0
2171,2811,20.07,-98.697,20.14,-98.678,0
2171,3035,20.07,-98.697,19.786,-98.549,0
2171,3065,20.07,-98.697,20.046,-98.356,0
2171,3094,20.07,-98.697,20.062,-98.716,0
2171,3144,20.07,-98.697,20.037,-98.322,0
2171,3154,20.07,-98.697,19.838,-98.034,0
2171,3219,20.07,-98.697,20.65,-98.648,0
2171,3287,20.07,-98.697,19.711,-98.451,0
2171,3310,20.07,-98.697,19.769,-98.58,0
2171,3455,20.07,-98.697,20.173,-98.06,0
2171,3522,20.07,-98.697,20.092,-98.363,0
2171,3579,20.07,-98.697,20.085,-98.763,0
2182,2186,20.143,-98.341,20.073,-98.417,0
2182,2187,20.143,-98.341,20.1,-98.706,0
2182,2239,20.143,-98.341,20.114,-98.42,0
2182,2317,20.143,-98.341,19.91,-98.669,0
2182,2415,20.143,-98.341,20.285,-98.663,0
2182,2450,20.143,-98.341,19.818,-98.603,0
2182,2563,20.143,-98.341,20.026,-98.84,0
2182,2589,20.143,-98.341,19.655,-98.546,0
2182,2766,20.143,-98.341,20.109,-98.888,0
2182,2811,20.143,-98.341,20.14,-98.678,0
2182,3035,20.143,-98.341,19.786,-98.549,0
2182,3065,20.143,-98.341,20.046,-98.356,0
2182,3094,20.143,-98.341,20.062,-98.716,0
2182,3144,20.143,-98.341,20.037,-98.322,0
2182,3154,20.143,-98.341,19.838,-98.034,0
2182,3219,20.143,-98.341,20.65,-98.648,0
2182,3287,20.143,-98.341,19.711,-98.451,0
2182,3310,20.143,-98.341,19.769,-98.58,0
2182,3455,20.143,-98.341,20.173,-98.06,0
2182,3522,20.143,-98.341,20.092,-98.363,0
2182,3579,20.143,-98.341,20.085,-98.763,0
2186,2187,20.073,-98.417,20.1,-98.706,0
2186,2239,20.073,-98.417,20.114,-98.42,0
2186,2317,20.073,-98.417,19.91,-98.669,0
2186,2415,20.073,-98.417,20.285,-98.663,0
2186,2450,20.073,-98.417,19.818,-98.603,0
2186,2563,20.073,-98.417,20.026,-98.84,0
2186,2589,20.073,-98.417,19.655,-98.546,0
2186,2766,20.073,-98.417,20.109,-98.888,0
2186,2811,20.073,-98.417,20.14,-98.678,0
2186,3035,20.073,-98.417,19.786,-98.549,0
2186,3065,20.073,-98.417,20.046,-98.356,0
2186,3094,20.073,-98.417,20.062,-98.716,0
2186,3144,20.073,-98.417,20.037,-98.322,0
2186,3154,20.073,-98.417,19.838,-98.034,0
2186,3219,20.073,-98.417,20.65,-98.648,0
2186,3287,20.073,-98.417,19.711,-98.451,0
2186,3310,20.073,-98.417,19.769,-98.58,0
2186,3455,20.073,-98.417,20.173,-98.06,0
2186,3522,20.073,-98.417,20.092,-98.363,0
2186,3579,20.073,-98.417,20.085,-98.763,0
2187,2239,20.1,-98.706,20.114,-98.42,0
2187,2317,20.1,-98.706,19.91,-98.669,0
2187,2415,20.1,-98.706,20.285,-98.663,0
2187,2450,20.1,-98.706,19.818,-98.603,0
2187,2563,20.1,-98.706,20.026,-98.84,0
2187,2589,20.1,-98.706,19.655,-98.546,0
2187,2766,20.1,-98.706,20.109,-98.888,0
2187,2811,20.1,-98.706,20.14,-98.678,0
2187,3035,20.1,-98.706,19.786,-98.549,0
2187,3065,20.1,-98.706,20.046,-98.356,0
2187,3094,20.1,-98.706,20.062,-98.716,0
2187,3144,20.1,-98.706,20.037,-98.322,0
2187,3154,20.1,-98.706,19.838,-98.034,0
2187,3219,20.1,-98.706,20.65,-98.648,0
2187,3287,20.1,-98.706,19.711,-98.451,0
2187,3310,20.1,-98.706,19.769,-98.58,0
2187,3455,20.1,-98.706,20.173,-98.06,0
2187,3522,20.1,-98.706,20.092,-98.363,0
2187,3579,20.1,-98.706,20.085,-98.763,0
2239,2317,20.114,-98.42,19.91,-98.669,0
2239,2415,20.114,-98.42,20.285,-98.663,0
2239,2450,20.114,-98.42,19.818,-98.603,0
2239,2563,20.114,-98.42,20.026,-98.84,0
2239,2589,20.114,-98.42,19.655,-98.546,0
2239,2766,20.114,-98.42,20.109,-98.888,0
2239,2811,20.114,-98.42,20.14,-98.678,0
2239,3035,20.114,-98.42,19.786,-98.549,0
2239,3065,20.114,-98.42,20.046,-98.356,0
2239,3094,20.114,-98.42,20.062,-98.716,0
2239,3144,20.114,-98.42,20.037,-98.322,0
2239,3154,20.114,-98.42,19.838,-98.034,0
2239,3219,20.114,-98.42,20.65,-98.648,0
2239,3287,20.114,-98.42,19.711,-98.451,0
2239,3310,20.114,-98.42,19.769,-98.58,0
2239,3455,20.114,-98.42,20.173,-98.06,0
2239,3522,20.114,-98.42,20.092,-98.363,0
2239,3579,20.114,-98.42,20.085,-98.763,0
2317,2415,19.91,-98.669,20.285,-98.663,0
2317,2450,19.91,-98.669,19.818,-98.603,0
2317,2563,19.91,-98.669,20.026,-98.84,0
2317,2589,19.91,-98.669,19.655,-98.546,0
2317,2766,19.91,-98.669,20.109,-98.888,0
2317,2811,19.91,-98.669,20.14,-98.678,0
2317,3035,19.91,-98.669,19.786,-98.549,0
2317,3065,19.91,-98.669,20.046,-98.356,0
2317,3094,19.91,-98.669,20.062,-98.716,0
2317,3144,19.91,-98.669,20.037,-98.322,0
2317,3154,19.91,-98.669,19.838,-98.034,0
2317,3219,19.91,-98.669,20.65,-98.648,0
2317,3287,19.91,-98.669,19.711,-98.451,0
2317,3310,19.91,-98.669,19.769,-98.58,0
2317,3455,19.91,-98.669,20.173,-98.06,0
2317,3522,19.91,-98.669,20.092,-98.363,0
2317,3579,19.91,-98.669,20.085,-98.763,0
2415,2450,20.285,-98.663,19.818,-98.603,0
2415,2563,20.285,-98.663,20.026,-98.84,0
2415,2589,20.285,-98.663,19.655,-98.546,0
2415,2766,20.285,-98.663,20.109,-98.888,0
2415,2811,20.285,-98.663,20.14,-98.678,0
2415,3035,20.285,-98.663,19.786,-98.549,0
2415,3065,20.285,-98.663,20.046,-98.356,0
2415,3094,20.285,-98.663,20.062,-98.716,0
2415,3144,20.285,-98.663,20.037,-98.322,0
2415,3154,20.285,-98.663,19.838,-98.034,0
2415,3219,20.285,-98.663,20.65,-98.648,0
2415,3287,20.285,-98.663,19.711,-98.451,0
2415,3310,20.285,-98.663,19.769,-98.58,0
2415,3455,20.285,-98.663,20.173,-98.06,0
2415,3522,20.285,-98.663,20.092,-98.363,0
2415,3579,20.285,-98.663,20.085,-98.763,0
2450,2563,19.818,-98.603,20.026,-98.84,0
2450,2589,19.818,-98.603,19.655,-98.546,0
2450,2766,19.818,-98.603,20.109,-98.888,0
2450,2811,19.818,-98.603,20.14,-98.678,0
2450,3035,19.818,-98.603,19.786,-98.549,0
2450,3065,19.818,-98.603,20.046,-98.356,0
2450,3094,19.818,-98.603,20.062,-98.716,0
2450,3144,19.818,-98.603,20.037,-98.322,0
2450,3154,19.818,-98.603,19.838,-98.034,0
2450,3219,19.818,-98.603,20.65,-98.648,0
2450,3287,19.818,-98.603,19.711,-98.451,0
2450,3310,19.818,-98.603,19.769,-98.58,0
2450,3455,19.818,-98.603,20.173,-98.06,0
2450,3522,19.818,-98.603,20.092,-98.363,0
2450,3579,19.818,-98.603,20.085,-98.763,0
2563,2589,20.026,-98.84,19.655,-98.546,0
2563,2766,20.026,-98.84,20.109,-98.888,0
2563,2811,20.026,-98.84,20.14,-98.678,0
2563,3035,20.026,-98.84,19.786,-98.549,0
2563,3065,20.026,-98.84,20.046,-98.356,0
2563,3094,20.026,-98.84,20.062,-98.716,0
2563,3144,20.026,-98.84,20.037,-98.322,0
2563,3154,20.026,-98.84,19.838,-98.034,0
2563,3219,20.026,-98.84,20.65,-98.648,0
2563,3287,20.026,-98.84,19.711,-98.451,0
2563,3310,20.026,-98.84,19.769,-98.58,0
2563,3455,20.026,-98.84,20.173,-98.06,0
2563,3522,20.026,-98.84,20.092,-98.363,0
2563,3579,20.026,-98.84,20.085,-98.763,0
2589,2766,19.655,-98.546,20.109,-98.888,0
2589,2811,19.655,-98.546,20.14,-98.678,0
2589,3035,19.655,-98.546,19.786,-98.549,0
2589,3065,19.655,-98.546,20.046,-98.356,0
2589,3094,19.655,-98.546,20.062,-98.716,0
2589,3144,19.655,-98.546,20.037,-98.322,0
2589,3154,19.655,-98.546,19.838,-98.034,0
2589,3219,19.655,-98.546,20.65,-98.648,0
2589,3287,19.655,-98.546,19.711,-98.451,0
2589,3310,19.655,-98.546,19.769,-98.58,0
2589,3455,19.655,-98.546,20.173,-98.06,0
2589,3522,19.655,-98.546,20.092,-98.363,0
2589,3579,19.655,-98.546,20.085,-98.763,0
2766,2811,20.109,-98.888,20.14,-98.678,0
2766,3035,20.109,-98.888,19.786,-98.549,0
2766,3065,20.109,-98.888,20.046,-98.356,0
2766,3094,20.109,-98.888,20.062,-98.716,0
2766,3144,20.109,-98.888,20.037,-98.322,0
2766,3154,20.109,-98.888,19.838,-98.034,0
2766,3219,20.109,-98.888,20.65,-98.648,0
2766,3287,20.109,-98.888,19.711,-98.451,0
2766,3310,20.109,-98.888,19.769,-98.58,0
2766,3455,20.109,-98.888,20.173,-98.06,0
2766,3522,20.109,-98.888,20.092,-98.363,0
2766,3579,20.109,-98.888,20.085,-98.763,0
2811,3035,20.14,-98.678,19.786,-98.549,0
2811,3065,20.14,-98.678,20.046,-98.356,0
2811,3094,20.14,-98.678,20.062,-98.716,0
2811,3144,20.14,-98.678,20.037,-98.322,0
2811,3154,20.14,-98.678,19.838,-98.034,0
2811,3219,20.14,-98.678,20.65,-98.648,0
2811,3287,20.14,-98.678,19.711,-98.451,0
2811,3310,20.14,-98.678,19.769,-98.58,0
2811,3455,20.14,-98.678,20.173,-98.06,0
2811,3522,20.14,-98.678,20.092,-98.363,0
2811,3579,20.14,-98.678,20.085,-98.763,0
3035,3065,19.786,-98.549,20.046,-98.356,0
3035,3094,19.786,-98.549,20.062,-98.716,0
3035,3144,19.786,-98.549,20.037,-98.322,0
3035,3154,19.786,-98.549,19.838,-98.034,0
3035,3219,19.786,-98.549,20.65,-98.648,0
3035,3287,19.786,-98.549,19.711,-98.451,0
3035,3310,19.786,-98.549,19.769,-98.58,0
3035,3455,19.786,-98.549,20.173,-98.06,0
3035,3522,19.786,-98.549,20.092,-98.363,0
3035,3579,19.786,-98.549,20.085,-98.763,0
3065,3094,20.046,-98.356,20.062,-98.716,0
3065,3144,20.046,-98.356,20.037,-98.322,0
3065,3154,20.046,-98.356,19.838,-98.034,0
3065,3219,20.046,-98.356,20.65,-98.648,0
3065,3287,20.046,-98.356,19.711,-98.451,0
3065,3310,20.046,-98.356,19.769,-98.58,0
3065,3455,20.046,-98.356,20.173,-98.06,0
3065,3522,20.046,-98.356,20.092,-98.363,0
3065,3579,20.046,-98.356,20.085,-98.763,0
3094,3144,20.062,-98.716,20.037,-98.322,0
3094,3154,20.062,-98.716,19.838,-98.034,0
3094,3219,20.062,-98.716,20.65,-98.648,0
3094,3287,20.062,-98.716,19.711,-98.451,0
3094,3310,20.062,-98.716,19.769,-98.58,0
3094,3455,20.062,-98.716,20.173,-98.06,0
3094,3522,20.062,-98.716,20.092,-98.363,0
3094,3579,20.062,-98.716,20.085,-98.763,0
3144,3154,20.037,-98.322,19.838,-98.034,0
3144,3219,20.037,-98.322,20.65,-98.648,0
3144,3287,20.037,-98.322,19.711,-98.451,0
3144,3310,20.037,-98.322,19.769,-98.58,0
3144,3455,20.037,-98.322,20.173,-98.06,0
3144,3522,20.037,-98.322,20.092,-98.363,0
3144,3579,20.037,-98.322,20.085,-98.763,0
3154,3219,19.838,-98.034,20.65,-98.648,0
3154,3287,19.838,-98.034,19.711,-98.451,0
3154,3310,19.838,-98.034,19.769,-98.58,0
3154,3455,19.838,-98.034,20.173,-98.06,0
3154,3522,19.838,-98.034,20.092,-98.363,0
3154,3579,19.838,-98.034,20.085,-98.763,0
3219,3287,20.65,-98.648,19.711,-98.451,0
3219,3310,20.65,-98.648,19.769,-98.58,0
3219,3455,20.65,-98.648,20.173,-98.06,0
3219,3522,20.65,-98.648,20.092,-98.363,0
3219,3579,20.65,-98.648,20.085,-98.763,0
3287,3310,19.711,-98.451,19.769,-98.58,0
3287,3455,19.711,-98.451,20.173,-98.06,0
3287,3522,19.711,-98.451,20.092,-98.363,0
3287,3579,19.711,-98.451,20.085,-98.763,0
3310,3455,19.769,-98.58,20.173,-98.06,0
3310,3522,19.769,-98.58,20.092,-98.363,0
3310,3579,19.769,-98.58,20.085,-98.763,0
3455,3522,20.173,-98.06,20.092,-98.363,0
3455,3579,20.173,-98.06,20.085,-98.763,0
3522,3579,20.092,-98.363,20.085,-98.763,0
